PRAGMA foreign_keys=OFF;
BEGIN TRANSACTION;
CREATE TABLE IF NOT EXISTS "django_migrations" ("id" integer NOT NULL PRIMARY KEY AUTOINCREMENT, "app" varchar(255) NOT NULL, "name" varchar(255) NOT NULL, "applied" datetime NOT NULL);
INSERT INTO django_migrations VALUES(1,'contenttypes','0001_initial','2022-07-15 16:07:54.315723');
INSERT INTO django_migrations VALUES(2,'auth','0001_initial','2022-07-15 16:07:54.356576');
INSERT INTO django_migrations VALUES(3,'admin','0001_initial','2022-07-15 16:07:54.377643');
INSERT INTO django_migrations VALUES(4,'admin','0002_logentry_remove_auto_add','2022-07-15 16:07:54.402916');
INSERT INTO django_migrations VALUES(5,'admin','0003_logentry_add_action_flag_choices','2022-07-15 16:07:54.416915');
INSERT INTO django_migrations VALUES(6,'contenttypes','0002_remove_content_type_name','2022-07-15 16:07:54.437702');
INSERT INTO django_migrations VALUES(7,'auth','0002_alter_permission_name_max_length','2022-07-15 16:07:54.450656');
INSERT INTO django_migrations VALUES(8,'auth','0003_alter_user_email_max_length','2022-07-15 16:07:54.462097');
INSERT INTO django_migrations VALUES(9,'auth','0004_alter_user_username_opts','2022-07-15 16:07:54.473531');
INSERT INTO django_migrations VALUES(10,'auth','0005_alter_user_last_login_null','2022-07-15 16:07:54.485545');
INSERT INTO django_migrations VALUES(11,'auth','0006_require_contenttypes_0002','2022-07-15 16:07:54.489696');
INSERT INTO django_migrations VALUES(12,'auth','0007_alter_validators_add_error_messages','2022-07-15 16:07:54.502251');
INSERT INTO django_migrations VALUES(13,'auth','0008_alter_user_username_max_length','2022-07-15 16:07:54.513279');
INSERT INTO django_migrations VALUES(14,'auth','0009_alter_user_last_name_max_length','2022-07-15 16:07:54.525734');
INSERT INTO django_migrations VALUES(15,'auth','0010_alter_group_name_max_length','2022-07-15 16:07:54.552811');
INSERT INTO django_migrations VALUES(16,'auth','0011_update_proxy_permissions','2022-07-15 16:07:54.564962');
INSERT INTO django_migrations VALUES(17,'auth','0012_alter_user_first_name_max_length','2022-07-15 16:07:54.576786');
INSERT INTO django_migrations VALUES(18,'sessions','0001_initial','2022-07-15 16:07:54.589937');
INSERT INTO django_migrations VALUES(19,'books','0001_initial','2022-07-15 16:08:32.476829');
INSERT INTO django_migrations VALUES(20,'books','0002_orderlineitem','2022-07-15 16:19:24.399606');
CREATE TABLE IF NOT EXISTS "auth_group_permissions" ("id" integer NOT NULL PRIMARY KEY AUTOINCREMENT, "group_id" integer NOT NULL REFERENCES "auth_group" ("id") DEFERRABLE INITIALLY DEFERRED, "permission_id" integer NOT NULL REFERENCES "auth_permission" ("id") DEFERRABLE INITIALLY DEFERRED);
CREATE TABLE IF NOT EXISTS "auth_user_groups" ("id" integer NOT NULL PRIMARY KEY AUTOINCREMENT, "user_id" integer NOT NULL REFERENCES "auth_user" ("id") DEFERRABLE INITIALLY DEFERRED, "group_id" integer NOT NULL REFERENCES "auth_group" ("id") DEFERRABLE INITIALLY DEFERRED);
CREATE TABLE IF NOT EXISTS "auth_user_user_permissions" ("id" integer NOT NULL PRIMARY KEY AUTOINCREMENT, "user_id" integer NOT NULL REFERENCES "auth_user" ("id") DEFERRABLE INITIALLY DEFERRED, "permission_id" integer NOT NULL REFERENCES "auth_permission" ("id") DEFERRABLE INITIALLY DEFERRED);
CREATE TABLE IF NOT EXISTS "django_admin_log" ("id" integer NOT NULL PRIMARY KEY AUTOINCREMENT, "action_time" datetime NOT NULL, "object_id" text NULL, "object_repr" varchar(200) NOT NULL, "change_message" text NOT NULL, "content_type_id" integer NULL REFERENCES "django_content_type" ("id") DEFERRABLE INITIALLY DEFERRED, "user_id" integer NOT NULL REFERENCES "auth_user" ("id") DEFERRABLE INITIALLY DEFERRED, "action_flag" smallint unsigned NOT NULL CHECK ("action_flag" >= 0));
INSERT INTO django_admin_log VALUES(1,'2022-07-15 16:21:37.185956','2','OrderLineItem object (2)','[{"added": {}}]',9,1,1);
CREATE TABLE IF NOT EXISTS "django_content_type" ("id" integer NOT NULL PRIMARY KEY AUTOINCREMENT, "app_label" varchar(100) NOT NULL, "model" varchar(100) NOT NULL);
INSERT INTO django_content_type VALUES(1,'admin','logentry');
INSERT INTO django_content_type VALUES(2,'auth','permission');
INSERT INTO django_content_type VALUES(3,'auth','group');
INSERT INTO django_content_type VALUES(4,'auth','user');
INSERT INTO django_content_type VALUES(5,'contenttypes','contenttype');
INSERT INTO django_content_type VALUES(6,'sessions','session');
INSERT INTO django_content_type VALUES(7,'books','book');
INSERT INTO django_content_type VALUES(8,'books','order');
INSERT INTO django_content_type VALUES(9,'books','orderlineitem');
CREATE TABLE IF NOT EXISTS "auth_permission" ("id" integer NOT NULL PRIMARY KEY AUTOINCREMENT, "content_type_id" integer NOT NULL REFERENCES "django_content_type" ("id") DEFERRABLE INITIALLY DEFERRED, "codename" varchar(100) NOT NULL, "name" varchar(255) NOT NULL);
INSERT INTO auth_permission VALUES(1,1,'add_logentry','Can add log entry');
INSERT INTO auth_permission VALUES(2,1,'change_logentry','Can change log entry');
INSERT INTO auth_permission VALUES(3,1,'delete_logentry','Can delete log entry');
INSERT INTO auth_permission VALUES(4,1,'view_logentry','Can view log entry');
INSERT INTO auth_permission VALUES(5,2,'add_permission','Can add permission');
INSERT INTO auth_permission VALUES(6,2,'change_permission','Can change permission');
INSERT INTO auth_permission VALUES(7,2,'delete_permission','Can delete permission');
INSERT INTO auth_permission VALUES(8,2,'view_permission','Can view permission');
INSERT INTO auth_permission VALUES(9,3,'add_group','Can add group');
INSERT INTO auth_permission VALUES(10,3,'change_group','Can change group');
INSERT INTO auth_permission VALUES(11,3,'delete_group','Can delete group');
INSERT INTO auth_permission VALUES(12,3,'view_group','Can view group');
INSERT INTO auth_permission VALUES(13,4,'add_user','Can add user');
INSERT INTO auth_permission VALUES(14,4,'change_user','Can change user');
INSERT INTO auth_permission VALUES(15,4,'delete_user','Can delete user');
INSERT INTO auth_permission VALUES(16,4,'view_user','Can view user');
INSERT INTO auth_permission VALUES(17,5,'add_contenttype','Can add content type');
INSERT INTO auth_permission VALUES(18,5,'change_contenttype','Can change content type');
INSERT INTO auth_permission VALUES(19,5,'delete_contenttype','Can delete content type');
INSERT INTO auth_permission VALUES(20,5,'view_contenttype','Can view content type');
INSERT INTO auth_permission VALUES(21,6,'add_session','Can add session');
INSERT INTO auth_permission VALUES(22,6,'change_session','Can change session');
INSERT INTO auth_permission VALUES(23,6,'delete_session','Can delete session');
INSERT INTO auth_permission VALUES(24,6,'view_session','Can view session');
INSERT INTO auth_permission VALUES(25,7,'add_book','Can add book');
INSERT INTO auth_permission VALUES(26,7,'change_book','Can change book');
INSERT INTO auth_permission VALUES(27,7,'delete_book','Can delete book');
INSERT INTO auth_permission VALUES(28,7,'view_book','Can view book');
INSERT INTO auth_permission VALUES(29,8,'add_order','Can add order');
INSERT INTO auth_permission VALUES(30,8,'change_order','Can change order');
INSERT INTO auth_permission VALUES(31,8,'delete_order','Can delete order');
INSERT INTO auth_permission VALUES(32,8,'view_order','Can view order');
INSERT INTO auth_permission VALUES(33,9,'add_orderlineitem','Can add order line item');
INSERT INTO auth_permission VALUES(34,9,'change_orderlineitem','Can change order line item');
INSERT INTO auth_permission VALUES(35,9,'delete_orderlineitem','Can delete order line item');
INSERT INTO auth_permission VALUES(36,9,'view_orderlineitem','Can view order line item');
CREATE TABLE IF NOT EXISTS "auth_group" ("id" integer NOT NULL PRIMARY KEY AUTOINCREMENT, "name" varchar(150) NOT NULL UNIQUE);
CREATE TABLE IF NOT EXISTS "auth_user" ("id" integer NOT NULL PRIMARY KEY AUTOINCREMENT, "password" varchar(128) NOT NULL, "last_login" datetime NULL, "is_superuser" bool NOT NULL, "username" varchar(150) NOT NULL UNIQUE, "last_name" varchar(150) NOT NULL, "email" varchar(254) NOT NULL, "is_staff" bool NOT NULL, "is_active" bool NOT NULL, "date_joined" datetime NOT NULL, "first_name" varchar(150) NOT NULL);
INSERT INTO auth_user VALUES(1,'pbkdf2_sha256$260000$tXyygRiGgdWnY7wCOgvjF0$sF8GY2FMnduqZAmgb8zDdY9EaRuXTUjqcuRN4i7QQ70=','2022-07-16 10:19:08.940267',1,'admin','','admin@123.xyz',1,1,'2022-07-15 16:16:45.511888','');
CREATE TABLE IF NOT EXISTS "django_session" ("session_key" varchar(40) NOT NULL PRIMARY KEY, "session_data" text NOT NULL, "expire_date" datetime NOT NULL);
INSERT INTO django_session VALUES('1avqt91e3b2m92jmi6gxm2gg67xcl3li','.eJxVjMEOwiAQRP-FsyHAQikevfcbyC5spGogKe3J-O-2SQ86x3lv5i0ibmuJW-clzllchRaX344wPbkeID-w3ptMra7LTPJQ5Em7nFrm1-10_w4K9rKvE4wGGI23QH5UgbQLao8dFGYKQ3bGMwJapVVgROuNJ3IaiNBAAvH5ArmqNxM:1oCetA:iuShheddeG-Xl3u_fi9GEs5I5j55zwlGfHjWHLZVE0Y','2022-07-30 10:19:08.947383');
CREATE TABLE IF NOT EXISTS "book" ("id" integer NOT NULL PRIMARY KEY AUTOINCREMENT, "book" varchar(255) NOT NULL, "price" real NOT NULL, "stock" integer NOT NULL, "is_active" bool NOT NULL, "created_at" datetime NOT NULL, "updated_at" datetime NOT NULL);
INSERT INTO book VALUES(1,'Book-160',78.000000000000000001,200,1,'2022-07-16 05:19:05.048314','2022-07-16 05:19:05.048536');
INSERT INTO book VALUES(2,'Book-2',35.0,20,1,1657921199000,1657921197000);
INSERT INTO book VALUES(3,'Book-3',45.0,80,1,1657921242000,1657921243000);
INSERT INTO book VALUES(4,'Book-3',45.0,80,1,'2022-07-15 17:36:18.893941','2022-07-15 17:36:18.894017');
INSERT INTO book VALUES(5,'Book-3',45.0,80,1,'2022-07-15 17:37:06.880396','2022-07-15 17:37:06.880450');
INSERT INTO book VALUES(6,'Book-8',1233.9999999999999999,170,1,'2022-07-15 18:23:51.939758','2022-07-16 11:32:15.726361');
INSERT INTO book VALUES(7,'Book-9',1235.0,175,1,'2022-07-15 18:23:51.950405','2022-07-16 11:32:15.732988');
INSERT INTO book VALUES(8,'Book-10',1236.0,180,1,'2022-07-15 18:23:51.956930','2022-07-16 11:32:15.745421');
INSERT INTO book VALUES(9,'Book-11',1236.9999999999999999,185,1,'2022-07-15 18:23:51.963029','2022-07-16 11:32:15.758585');
INSERT INTO book VALUES(10,'Book-12',1237.9999999999999999,190,1,'2022-07-15 18:23:51.972559','2022-07-16 11:32:15.774094');
INSERT INTO book VALUES(11,'Book-13',1238.9999999999999999,195,1,'2022-07-15 18:23:51.980652','2022-07-16 11:32:15.787344');
INSERT INTO book VALUES(12,'Book-14',1240.0,200,1,'2022-07-15 18:23:51.989322','2022-07-16 11:32:15.796003');
INSERT INTO book VALUES(13,'Book-15',1241.0,205,1,'2022-07-15 18:23:51.998067','2022-07-16 11:32:15.808944');
INSERT INTO book VALUES(14,'Book-16',1242.0,210,1,'2022-07-15 18:23:52.005464','2022-07-16 11:32:15.818078');
INSERT INTO book VALUES(15,'Book-17',1242.9999999999999999,215,1,'2022-07-15 18:23:52.014302','2022-07-16 11:32:15.827931');
INSERT INTO book VALUES(16,'Book-18',1243.9999999999999999,220,1,'2022-07-15 18:23:52.022843','2022-07-16 11:32:15.838919');
INSERT INTO book VALUES(17,'Book-19',1245.0,225,1,'2022-07-15 18:23:52.031464','2022-07-16 11:32:15.849025');
INSERT INTO book VALUES(18,'Book-20',1246.0,230,1,'2022-07-15 18:23:52.043277','2022-07-16 11:32:15.857302');
INSERT INTO book VALUES(19,'Book-21',1247.0,235,1,'2022-07-15 18:23:52.053569','2022-07-16 11:32:15.870004');
INSERT INTO book VALUES(20,'Book-22',1247.9999999999999999,240,1,'2022-07-15 18:23:52.064900','2022-07-16 11:32:15.877511');
INSERT INTO book VALUES(21,'Book-23',1248.9999999999999999,245,1,'2022-07-15 18:23:52.076233','2022-07-16 11:32:15.884164');
INSERT INTO book VALUES(22,'Book-24',1250.0,250,1,'2022-07-15 18:23:52.084992','2022-07-16 11:32:15.890877');
INSERT INTO book VALUES(23,'Book-25',1251.0,255,1,'2022-07-15 18:23:52.094588','2022-07-16 11:32:15.900500');
INSERT INTO book VALUES(24,'Book-26',1252.0,260,1,'2022-07-15 18:23:52.101430','2022-07-16 11:32:15.908819');
INSERT INTO book VALUES(25,'Book-27',1252.9999999999999999,265,1,'2022-07-15 18:23:52.107713','2022-07-16 11:32:15.920469');
INSERT INTO book VALUES(26,'Book-28',1253.9999999999999999,270,1,'2022-07-15 18:23:52.117573','2022-07-16 11:32:15.931561');
INSERT INTO book VALUES(27,'Book-29',1254.9999999999999999,275,1,'2022-07-15 18:23:52.123905','2022-07-16 11:32:15.942082');
INSERT INTO book VALUES(28,'Book-30',1256.0,280,1,'2022-07-15 18:23:52.131734','2022-07-16 11:32:15.953525');
INSERT INTO book VALUES(29,'Book-31',1257.0,285,1,'2022-07-15 18:23:52.138159','2022-07-16 11:32:15.962845');
INSERT INTO book VALUES(30,'Book-32',1257.9999999999999999,290,1,'2022-07-15 18:23:52.146152','2022-07-16 11:32:15.971407');
INSERT INTO book VALUES(31,'Book-33',1258.9999999999999999,295,1,'2022-07-15 18:23:52.156896','2022-07-16 11:32:15.980306');
INSERT INTO book VALUES(32,'Book-34',1259.9999999999999999,300,1,'2022-07-15 18:23:52.163723','2022-07-16 11:32:15.989478');
INSERT INTO book VALUES(33,'Book-35',1261.0,305,1,'2022-07-15 18:23:52.171042','2022-07-16 11:32:16.001417');
INSERT INTO book VALUES(34,'Book-36',1262.0,310,1,'2022-07-15 18:23:52.180737','2022-07-16 11:32:16.011797');
INSERT INTO book VALUES(35,'Book-37',1263.0,315,1,'2022-07-15 18:23:52.189350','2022-07-16 11:32:16.023460');
INSERT INTO book VALUES(36,'Book-38',1263.9999999999999999,320,1,'2022-07-15 18:23:52.197523','2022-07-16 11:32:16.032618');
INSERT INTO book VALUES(37,'Book-39',1264.9999999999999999,325,1,'2022-07-15 18:23:52.207837','2022-07-16 11:32:16.041716');
INSERT INTO book VALUES(38,'Book-40',1266.0,330,1,'2022-07-15 18:23:52.216329','2022-07-16 11:32:16.052554');
INSERT INTO book VALUES(39,'Book-41',1267.0,335,1,'2022-07-15 18:23:52.224321','2022-07-16 11:32:16.061966');
INSERT INTO book VALUES(40,'Book-42',1268.0,340,1,'2022-07-15 18:23:52.234487','2022-07-16 11:32:16.071132');
INSERT INTO book VALUES(41,'Book-43',1268.9999999999999999,345,1,'2022-07-15 18:23:52.242339','2022-07-16 11:32:16.080263');
INSERT INTO book VALUES(42,'Book-44',1269.9999999999999999,350,1,'2022-07-15 18:23:52.251343','2022-07-16 11:32:16.089054');
INSERT INTO book VALUES(43,'Book-45',1271.0,355,1,'2022-07-15 18:23:52.259185','2022-07-16 11:32:16.098187');
INSERT INTO book VALUES(44,'Book-46',1272.0,360,1,'2022-07-15 18:23:52.271908','2022-07-16 11:32:16.110145');
INSERT INTO book VALUES(45,'Book-47',1273.0,365,1,'2022-07-15 18:23:52.280037','2022-07-16 11:32:16.121368');
INSERT INTO book VALUES(46,'Book-48',1273.9999999999999999,370,1,'2022-07-15 18:23:52.288437','2022-07-16 11:32:16.138455');
INSERT INTO book VALUES(47,'Book-49',1274.9999999999999999,375,1,'2022-07-15 18:23:52.297805','2022-07-16 11:32:16.145714');
INSERT INTO book VALUES(48,'Book-50',1275.9999999999999999,380,1,'2022-07-15 18:23:52.305754','2022-07-16 11:32:16.154377');
INSERT INTO book VALUES(49,'Book-51',1277.0,385,1,'2022-07-15 18:23:52.314182','2022-07-16 11:32:16.161021');
INSERT INTO book VALUES(50,'Book-52',1278.0,390,1,'2022-07-15 18:23:52.326110','2022-07-16 11:32:16.167977');
INSERT INTO book VALUES(51,'Book-53',1278.9999999999999999,395,1,'2022-07-15 18:23:52.334848','2022-07-16 11:32:16.176303');
INSERT INTO book VALUES(52,'Book-54',1279.9999999999999999,400,1,'2022-07-15 18:23:52.342792','2022-07-16 11:32:16.182939');
INSERT INTO book VALUES(53,'Book-55',1280.9999999999999999,405,1,'2022-07-15 18:23:52.351070','2022-07-16 11:32:16.188637');
INSERT INTO book VALUES(54,'Book-56',1282.0,410,1,'2022-07-15 18:23:52.358754','2022-07-16 11:32:16.193638');
INSERT INTO book VALUES(55,'Book-57',1283.0,415,1,'2022-07-15 18:23:52.367657','2022-07-16 11:32:16.198735');
INSERT INTO book VALUES(56,'Book-58',1283.9999999999999999,420,1,'2022-07-15 18:23:52.377002','2022-07-16 11:32:16.205463');
INSERT INTO book VALUES(57,'Book-59',1284.9999999999999999,425,1,'2022-07-15 18:23:52.385945','2022-07-16 11:32:16.212550');
INSERT INTO book VALUES(58,'Book-60',1285.9999999999999999,430,1,'2022-07-15 18:23:52.394828','2022-07-16 11:32:16.217906');
INSERT INTO book VALUES(59,'Book-61',1287.0,435,1,'2022-07-15 18:23:52.407958','2022-07-16 11:32:16.224614');
INSERT INTO book VALUES(60,'Book-62',1288.0,440,1,'2022-07-15 18:23:52.416996','2022-07-16 11:32:16.231421');
INSERT INTO book VALUES(61,'Book-63',1289.0,445,1,'2022-07-15 18:23:52.424955','2022-07-16 11:32:16.238613');
INSERT INTO book VALUES(62,'Book-64',1289.9999999999999999,450,1,'2022-07-15 18:23:52.436335','2022-07-16 11:32:16.243989');
INSERT INTO book VALUES(63,'Book-65',1290.9999999999999999,455,1,'2022-07-15 18:23:52.444327','2022-07-16 11:32:16.249379');
INSERT INTO book VALUES(64,'Book-66',1292.0,460,1,'2022-07-15 18:23:52.452769','2022-07-16 11:32:16.256026');
INSERT INTO book VALUES(65,'Book-67',1293.0,465,1,'2022-07-15 18:23:52.461686','2022-07-16 11:32:16.261311');
INSERT INTO book VALUES(66,'Book-68',1294.0,470,1,'2022-07-15 18:23:52.474421','2022-07-16 11:32:16.267402');
INSERT INTO book VALUES(67,'Book-69',1294.9999999999999999,475,1,'2022-07-15 18:23:52.483133','2022-07-16 11:32:16.273879');
INSERT INTO book VALUES(68,'Book-70',1295.9999999999999999,480,1,'2022-07-15 18:23:52.492359','2022-07-16 11:32:16.280285');
INSERT INTO book VALUES(69,'Book-71',1297.0,485,1,'2022-07-15 18:23:52.504325','2022-07-16 11:32:16.287236');
INSERT INTO book VALUES(70,'Book-72',1298.0,490,1,'2022-07-15 18:23:52.512516','2022-07-16 11:32:16.294782');
INSERT INTO book VALUES(71,'Book-73',1299.0,495,1,'2022-07-15 18:23:52.521564','2022-07-16 11:32:16.303118');
INSERT INTO book VALUES(72,'Book-74',1299.9999999999999999,500,1,'2022-07-15 18:23:52.534874','2022-07-16 11:32:16.310100');
INSERT INTO book VALUES(73,'Book-75',1300.9999999999999999,505,1,'2022-07-15 18:23:52.543248','2022-07-16 11:32:16.316318');
INSERT INTO book VALUES(74,'Book-76',1301.9999999999999999,510,1,'2022-07-15 18:23:52.555075','2022-07-16 11:32:16.324403');
INSERT INTO book VALUES(75,'Book-77',1303.0,515,1,'2022-07-15 18:23:52.563096','2022-07-16 11:32:16.330298');
INSERT INTO book VALUES(76,'Book-78',1304.0,520,1,'2022-07-15 18:23:52.573586','2022-07-16 11:32:16.336757');
INSERT INTO book VALUES(77,'Book-79',1304.9999999999999999,525,1,'2022-07-15 18:23:52.581857','2022-07-16 11:32:16.345162');
INSERT INTO book VALUES(78,'Book-80',1305.9999999999999999,530,1,'2022-07-15 18:23:52.590127','2022-07-16 11:32:16.353310');
INSERT INTO book VALUES(79,'Book-81',1306.9999999999999999,535,1,'2022-07-15 18:23:52.598913','2022-07-16 11:32:16.359404');
INSERT INTO book VALUES(80,'Book-82',1308.0,540,1,'2022-07-15 18:23:52.612269','2022-07-16 11:32:16.366716');
INSERT INTO book VALUES(81,'Book-83',1309.0,545,1,'2022-07-15 18:23:52.620912','2022-07-16 11:32:16.373997');
INSERT INTO book VALUES(82,'Book-84',1309.9999999999999999,550,1,'2022-07-15 18:23:52.629227','2022-07-16 11:32:16.380388');
INSERT INTO book VALUES(83,'Book-85',1310.9999999999999999,555,1,'2022-07-15 18:23:52.640297','2022-07-16 11:32:16.390129');
INSERT INTO book VALUES(84,'Book-86',1311.9999999999999999,560,1,'2022-07-15 18:23:52.648777','2022-07-16 11:32:16.397341');
INSERT INTO book VALUES(85,'Book-87',1313.0,565,1,'2022-07-15 18:23:52.657395','2022-07-16 11:32:16.404341');
INSERT INTO book VALUES(86,'Book-88',1314.0,570,1,'2022-07-15 18:23:52.669400','2022-07-16 11:32:16.412309');
INSERT INTO book VALUES(87,'Book-89',1315.0,575,1,'2022-07-15 18:23:52.677440','2022-07-16 11:32:16.418719');
INSERT INTO book VALUES(88,'Book-90',1315.9999999999999999,580,1,'2022-07-15 18:23:52.686471','2022-07-16 11:32:16.424525');
INSERT INTO book VALUES(89,'Book-91',1316.9999999999999999,585,1,'2022-07-15 18:23:52.695402','2022-07-16 11:32:16.430110');
INSERT INTO book VALUES(90,'Book-92',1318.0,590,1,'2022-07-15 18:23:52.704371','2022-07-16 11:32:16.439204');
INSERT INTO book VALUES(91,'Book-93',1319.0,595,1,'2022-07-15 18:23:52.712736','2022-07-16 11:32:16.444565');
INSERT INTO book VALUES(92,'Book-94',1320.0,600,1,'2022-07-15 18:23:52.724712','2022-07-16 11:32:16.451288');
INSERT INTO book VALUES(93,'Book-95',1320.9999999999999999,605,1,'2022-07-15 18:23:52.734715','2022-07-16 11:32:16.458062');
INSERT INTO book VALUES(94,'Book-96',1321.9999999999999999,610,1,'2022-07-15 18:23:52.742918','2022-07-16 11:32:16.466335');
INSERT INTO book VALUES(95,'Book-97',1323.0,615,1,'2022-07-15 18:23:52.757042','2022-07-16 11:32:16.474113');
INSERT INTO book VALUES(96,'Book-98',1324.0,620,1,'2022-07-15 18:23:52.768750','2022-07-16 11:32:16.479882');
INSERT INTO book VALUES(97,'Book-99',1325.0,625,1,'2022-07-15 18:23:52.779016','2022-07-16 11:32:16.487071');
INSERT INTO book VALUES(98,'Book-100',1325.9999999999999999,630,1,'2022-07-15 18:23:52.787913','2022-07-16 11:32:16.492577');
INSERT INTO book VALUES(99,'Book-101',1326.9999999999999999,635,1,'2022-07-15 18:23:52.797032','2022-07-16 11:32:16.497731');
INSERT INTO book VALUES(100,'Book-102',1327.9999999999999999,640,1,'2022-07-15 18:23:52.809470','2022-07-16 11:32:16.505470');
INSERT INTO book VALUES(101,'Book-103',1329.0,521,1,'2022-07-15 18:23:52.820089','2022-07-16 12:14:18.502556');
INSERT INTO book VALUES(102,'Book-104',1330.0,650,1,'2022-07-15 18:23:52.831603','2022-07-16 11:32:16.520288');
INSERT INTO book VALUES(103,'Book-105',1330.9999999999999999,534,1,'2022-07-15 18:23:52.844602','2022-07-16 12:14:18.506740');
INSERT INTO book VALUES(104,'Book-106',1331.9999999999999999,660,1,'2022-07-15 18:23:52.853169','2022-07-16 11:32:16.533634');
INSERT INTO book VALUES(105,'Book-107',1332.9999999999999999,542,1,'2022-07-15 18:23:52.865372','2022-07-16 12:14:18.512522');
INSERT INTO book VALUES(106,'Book-108',1334.0,670,1,'2022-07-15 18:23:52.877594','2022-07-16 11:32:16.550067');
INSERT INTO book VALUES(107,'Book-109',1335.0,560,1,'2022-07-15 18:23:52.887915','2022-07-16 12:14:18.523623');
INSERT INTO book VALUES(108,'Book-110',1335.9999999999999999,680,1,'2022-07-15 18:23:52.897200','2022-07-16 11:32:16.580002');
INSERT INTO book VALUES(109,'Book-111',1336.9999999999999999,558,1,'2022-07-15 18:23:52.910175','2022-07-16 12:14:18.534618');
INSERT INTO book VALUES(110,'Book-112',1337.9999999999999999,690,1,'2022-07-15 18:23:52.919478','2022-07-16 11:32:16.602850');
INSERT INTO book VALUES(111,'Book-113',1339.0,695,1,'2022-07-15 18:23:52.930952','2022-07-16 11:32:16.625763');
INSERT INTO book VALUES(112,'Book-114',1340.0,700,1,'2022-07-15 18:23:52.943502','2022-07-16 11:32:16.637835');
INSERT INTO book VALUES(113,'Book-115',1341.0,705,1,'2022-07-15 18:23:52.953381','2022-07-16 11:32:16.645348');
INSERT INTO book VALUES(114,'Book-116',1341.9999999999999999,710,1,'2022-07-15 18:23:52.962464','2022-07-16 11:32:16.653198');
INSERT INTO book VALUES(115,'Book-117',1342.9999999999999999,715,1,'2022-07-15 18:23:52.974982','2022-07-16 11:32:16.661983');
INSERT INTO book VALUES(116,'Book-118',1344.0,720,1,'2022-07-15 18:23:52.987831','2022-07-16 11:32:16.668720');
INSERT INTO book VALUES(117,'Book-119',1345.0,725,1,'2022-07-15 18:23:52.997309','2022-07-16 11:32:16.675220');
INSERT INTO book VALUES(118,'Book-120',1346.0,730,1,'2022-07-15 18:23:53.011426','2022-07-16 11:32:16.683608');
INSERT INTO book VALUES(119,'Book-121',1346.9999999999999999,735,1,'2022-07-15 18:23:53.021577','2022-07-16 11:32:16.689643');
INSERT INTO book VALUES(120,'Book-122',1347.9999999999999999,740,1,'2022-07-15 18:23:53.033086','2022-07-16 11:32:16.695261');
INSERT INTO book VALUES(121,'Book-123',1349.0,745,1,'2022-07-15 18:23:53.048202','2022-07-16 11:32:16.702603');
INSERT INTO book VALUES(122,'Book-124',1350.0,750,1,'2022-07-15 18:23:53.058046','2022-07-16 11:32:16.708837');
INSERT INTO book VALUES(123,'Book-125',1351.0,755,1,'2022-07-15 18:23:53.068437','2022-07-16 11:32:16.714810');
INSERT INTO book VALUES(124,'Book-126',1351.9999999999999999,760,1,'2022-07-15 18:23:53.080198','2022-07-16 11:32:16.722405');
INSERT INTO book VALUES(125,'Book-127',1352.9999999999999999,765,1,'2022-07-15 18:23:53.092169','2022-07-16 11:32:16.729402');
INSERT INTO book VALUES(126,'Book-128',1353.9999999999999999,770,1,'2022-07-15 18:23:53.105179','2022-07-16 11:32:16.735424');
INSERT INTO book VALUES(127,'Book-129',1355.0,775,1,'2022-07-15 18:23:53.117074','2022-07-16 11:32:16.742128');
INSERT INTO book VALUES(128,'Book-130',1356.0,780,1,'2022-07-15 18:23:53.128499','2022-07-16 11:32:16.751139');
INSERT INTO book VALUES(129,'Book-131',1356.9999999999999999,785,1,'2022-07-15 18:23:53.139984','2022-07-16 11:32:16.756671');
INSERT INTO book VALUES(130,'Book-132',1357.9999999999999999,790,1,'2022-07-15 18:23:53.152209','2022-07-16 11:32:16.764043');
INSERT INTO book VALUES(131,'Book-133',1358.9999999999999999,795,1,'2022-07-15 18:23:53.165097','2022-07-16 11:32:16.770929');
INSERT INTO book VALUES(132,'Book-134',1360.0,800,1,'2022-07-15 18:23:53.174711','2022-07-16 11:32:16.777222');
INSERT INTO book VALUES(133,'Book-135',1361.0,805,1,'2022-07-15 18:23:53.184787','2022-07-16 11:32:16.784060');
INSERT INTO book VALUES(134,'Book-136',1361.9999999999999999,810,1,'2022-07-15 18:23:53.197928','2022-07-16 11:32:16.792746');
INSERT INTO book VALUES(135,'Book-137',1362.9999999999999999,815,1,'2022-07-15 18:23:53.209948','2022-07-16 11:32:16.800208');
INSERT INTO book VALUES(136,'Book-138',1363.9999999999999999,820,1,'2022-07-15 18:23:53.223762','2022-07-16 11:32:16.807986');
INSERT INTO book VALUES(137,'Book-139',1365.0,825,1,'2022-07-15 18:23:53.235159','2022-07-16 11:32:16.815110');
INSERT INTO book VALUES(138,'Book-140',1366.0,830,1,'2022-07-15 18:23:53.243868','2022-07-16 11:32:16.822248');
INSERT INTO book VALUES(139,'Book-141',1367.0,835,1,'2022-07-15 18:23:53.255558','2022-07-16 11:32:16.829287');
INSERT INTO book VALUES(140,'Book-142',1367.9999999999999999,840,1,'2022-07-15 18:23:53.264438','2022-07-16 11:32:16.837933');
INSERT INTO book VALUES(141,'Book-143',1368.9999999999999999,845,1,'2022-07-15 18:23:53.274455','2022-07-16 11:32:16.843680');
INSERT INTO book VALUES(142,'Book-144',1370.0,850,1,'2022-07-15 18:23:53.290167','2022-07-16 11:32:16.851434');
INSERT INTO book VALUES(143,'Book-145',1371.0,855,1,'2022-07-15 18:23:53.300842','2022-07-16 11:32:16.857053');
INSERT INTO book VALUES(144,'Book-146',1372.0,860,1,'2022-07-15 18:23:53.314090','2022-07-16 11:32:16.862110');
INSERT INTO book VALUES(145,'Book-147',1372.9999999999999999,865,1,'2022-07-15 18:23:53.327581','2022-07-16 11:32:16.872117');
INSERT INTO book VALUES(146,'Book-148',1373.9999999999999999,870,1,'2022-07-15 18:23:53.339482','2022-07-16 11:32:16.877576');
INSERT INTO book VALUES(147,'Book-149',1375.0,875,1,'2022-07-15 18:23:53.349771','2022-07-16 11:32:16.884451');
INSERT INTO book VALUES(148,'Book-150',1376.0,880,1,'2022-07-15 18:23:53.360036','2022-07-16 11:32:16.890181');
INSERT INTO book VALUES(149,'Book-151',1377.0,885,1,'2022-07-15 18:23:53.369483','2022-07-16 11:32:16.898306');
INSERT INTO book VALUES(150,'Book-152',1377.9999999999999999,890,1,'2022-07-15 18:23:53.380136','2022-07-16 11:32:16.905573');
INSERT INTO book VALUES(151,'Book-153',1378.9999999999999999,895,1,'2022-07-15 18:23:53.393268','2022-07-16 11:32:16.911543');
INSERT INTO book VALUES(152,'Book-154',1379.9999999999999999,900,1,'2022-07-15 18:23:53.406572','2022-07-16 11:32:16.919632');
INSERT INTO book VALUES(153,'Book-155',1381.0,905,1,'2022-07-15 18:23:53.417587','2022-07-16 11:32:16.925781');
INSERT INTO book VALUES(154,'Book-156',1382.0,910,1,'2022-07-15 18:23:53.428690','2022-07-16 11:32:16.932045');
INSERT INTO book VALUES(155,'Book-157',1382.9999999999999999,915,1,'2022-07-15 18:23:53.440953','2022-07-16 11:32:16.938391');
INSERT INTO book VALUES(156,'Book-158',1383.9999999999999999,920,1,'2022-07-15 18:23:53.450571','2022-07-16 11:32:16.944293');
INSERT INTO book VALUES(157,'Book-159',1384.9999999999999999,925,1,'2022-07-15 18:23:53.459970','2022-07-16 11:32:16.950766');
INSERT INTO book VALUES(159,'Book-161',80.0,200,1,'2022-07-16 05:19:05.056616','2022-07-16 05:19:05.056862');
INSERT INTO book VALUES(160,'Book-162',81.999999999999999998,200,1,'2022-07-16 05:19:05.062174','2022-07-16 05:19:05.062305');
INSERT INTO book VALUES(161,'Book-163',83.999999999999999996,200,1,'2022-07-16 05:19:05.069723','2022-07-16 05:19:05.069905');
INSERT INTO book VALUES(162,'Book-164',86.000000000000000003,200,1,'2022-07-16 05:19:05.076206','2022-07-16 05:19:05.076341');
INSERT INTO book VALUES(163,'Book-165',88.000000000000000001,200,1,'2022-07-16 05:19:05.081898','2022-07-16 05:19:05.082053');
INSERT INTO book VALUES(164,'Book-166',90.0,200,1,'2022-07-16 05:19:05.088292','2022-07-16 05:19:05.088429');
INSERT INTO book VALUES(165,'Book-167',91.999999999999999998,200,1,'2022-07-16 05:19:05.095464','2022-07-16 05:19:05.095593');
INSERT INTO book VALUES(166,'Book-168',93.999999999999999996,200,1,'2022-07-16 05:19:05.101557','2022-07-16 05:19:05.101877');
INSERT INTO book VALUES(167,'Book-169',96.000000000000000003,200,1,'2022-07-16 05:19:05.108059','2022-07-16 05:19:05.108201');
INSERT INTO book VALUES(168,'Book-170',98.000000000000000001,200,1,'2022-07-16 05:19:05.114931','2022-07-16 05:19:05.115066');
INSERT INTO book VALUES(169,'Book-171',100.0,200,1,'2022-07-16 05:19:05.120926','2022-07-16 05:19:05.121089');
INSERT INTO book VALUES(170,'Book-172',101.99999999999999999,200,1,'2022-07-16 05:19:05.128320','2022-07-16 05:19:05.128467');
INSERT INTO book VALUES(171,'Book-173',103.99999999999999999,200,1,'2022-07-16 05:19:05.135036','2022-07-16 05:19:05.135313');
INSERT INTO book VALUES(172,'Book-174',105.99999999999999999,200,1,'2022-07-16 05:19:05.141091','2022-07-16 05:19:05.141247');
INSERT INTO book VALUES(173,'Book-175',108.0,200,1,'2022-07-16 05:19:05.148550','2022-07-16 05:19:05.148700');
INSERT INTO book VALUES(174,'Book-176',110.0,200,1,'2022-07-16 05:19:05.156127','2022-07-16 05:19:05.156632');
INSERT INTO book VALUES(175,'Book-177',112.0,200,1,'2022-07-16 05:19:05.164612','2022-07-16 05:19:05.165055');
INSERT INTO book VALUES(176,'Book-178',113.99999999999999999,200,1,'2022-07-16 05:19:05.176329','2022-07-16 05:19:05.176864');
INSERT INTO book VALUES(177,'Book-179',115.99999999999999999,200,1,'2022-07-16 05:19:05.184772','2022-07-16 05:19:05.185174');
INSERT INTO book VALUES(178,'Book-180',117.99999999999999999,200,1,'2022-07-16 05:19:05.193793','2022-07-16 05:19:05.194037');
INSERT INTO book VALUES(179,'Book-181',120.0,200,1,'2022-07-16 05:19:05.200330','2022-07-16 05:19:05.200522');
INSERT INTO book VALUES(180,'Book-182',122.0,200,1,'2022-07-16 05:19:05.208724','2022-07-16 05:19:05.208870');
INSERT INTO book VALUES(181,'Book-183',124.0,200,1,'2022-07-16 05:19:05.214513','2022-07-16 05:19:05.214705');
INSERT INTO book VALUES(182,'Book-184',125.99999999999999999,200,1,'2022-07-16 05:19:05.221279','2022-07-16 05:19:05.221467');
INSERT INTO book VALUES(183,'Book-185',127.99999999999999999,200,1,'2022-07-16 05:19:05.228051','2022-07-16 05:19:05.228235');
INSERT INTO book VALUES(184,'Book-186',129.99999999999999999,200,1,'2022-07-16 05:19:05.234408','2022-07-16 05:19:05.234542');
INSERT INTO book VALUES(185,'Book-187',132.0,200,1,'2022-07-16 05:19:05.242497','2022-07-16 05:19:05.242885');
INSERT INTO book VALUES(186,'Book-188',134.0,200,1,'2022-07-16 05:19:05.250757','2022-07-16 05:19:05.251352');
INSERT INTO book VALUES(187,'Book-189',136.0,200,1,'2022-07-16 05:19:05.259368','2022-07-16 05:19:05.259673');
INSERT INTO book VALUES(188,'Book-190',137.99999999999999999,200,1,'2022-07-16 05:19:05.267911','2022-07-16 05:19:05.268094');
INSERT INTO book VALUES(189,'Book-191',139.99999999999999999,200,1,'2022-07-16 05:19:05.274538','2022-07-16 05:19:05.274695');
INSERT INTO book VALUES(190,'Book-192',141.99999999999999999,200,1,'2022-07-16 05:19:05.282988','2022-07-16 05:19:05.283401');
INSERT INTO book VALUES(191,'Book-193',144.0,200,1,'2022-07-16 05:19:05.292329','2022-07-16 05:19:05.292557');
INSERT INTO book VALUES(192,'Book-194',146.0,200,1,'2022-07-16 05:19:05.299256','2022-07-16 05:19:05.299568');
INSERT INTO book VALUES(193,'Book-195',148.0,200,1,'2022-07-16 05:19:05.307307','2022-07-16 05:19:05.307517');
INSERT INTO book VALUES(194,'Book-196',150.0,200,1,'2022-07-16 05:19:05.313019','2022-07-16 05:19:05.313168');
INSERT INTO book VALUES(195,'Book-197',151.99999999999999999,200,1,'2022-07-16 05:19:05.320314','2022-07-16 05:19:05.320465');
INSERT INTO book VALUES(196,'Book-198',153.99999999999999999,200,1,'2022-07-16 05:19:05.326565','2022-07-16 05:19:05.326718');
INSERT INTO book VALUES(197,'Book-199',155.99999999999999999,200,1,'2022-07-16 05:19:05.332515','2022-07-16 05:19:05.332684');
INSERT INTO book VALUES(198,'Book-200',158.0,200,1,'2022-07-16 05:19:05.340117','2022-07-16 05:19:05.340313');
INSERT INTO book VALUES(199,'Book-201',160.0,200,1,'2022-07-16 05:19:05.346410','2022-07-16 05:19:05.346639');
INSERT INTO book VALUES(200,'Book-202',161.99999999999999999,200,1,'2022-07-16 05:19:05.354561','2022-07-16 05:19:05.354797');
INSERT INTO book VALUES(201,'Book-203',163.99999999999999999,200,1,'2022-07-16 05:19:05.361770','2022-07-16 05:19:05.361933');
INSERT INTO book VALUES(202,'Book-204',165.99999999999999999,200,1,'2022-07-16 05:19:05.367941','2022-07-16 05:19:05.368147');
INSERT INTO book VALUES(203,'Book-205',167.99999999999999999,200,1,'2022-07-16 05:19:05.374987','2022-07-16 05:19:05.375168');
INSERT INTO book VALUES(204,'Book-206',170.0,200,1,'2022-07-16 05:19:05.381089','2022-07-16 05:19:05.381256');
INSERT INTO book VALUES(205,'Book-207',172.0,200,1,'2022-07-16 05:19:05.388983','2022-07-16 05:19:05.389343');
INSERT INTO book VALUES(206,'Book-208',174.0,200,1,'2022-07-16 05:19:05.394089','2022-07-16 05:19:05.394263');
INSERT INTO book VALUES(207,'Book-209',175.99999999999999999,200,1,'2022-07-16 05:19:05.398761','2022-07-16 05:19:05.398916');
INSERT INTO book VALUES(208,'Book-210',177.99999999999999999,200,1,'2022-07-16 05:19:05.406471','2022-07-16 05:19:05.406625');
INSERT INTO book VALUES(209,'Book-211',179.99999999999999999,200,1,'2022-07-16 05:19:05.412599','2022-07-16 05:19:05.412795');
INSERT INTO book VALUES(210,'Book-212',182.0,200,1,'2022-07-16 05:19:05.421924','2022-07-16 05:19:05.422360');
INSERT INTO book VALUES(211,'Book-213',184.0,200,1,'2022-07-16 05:19:05.430895','2022-07-16 05:19:05.431378');
INSERT INTO book VALUES(212,'Book-214',186.0,200,1,'2022-07-16 05:19:05.439125','2022-07-16 05:19:05.439432');
INSERT INTO book VALUES(213,'Book-215',188.0,200,1,'2022-07-16 05:19:05.449610','2022-07-16 05:19:05.449846');
INSERT INTO book VALUES(214,'Book-216',190.0,200,1,'2022-07-16 05:19:05.456133','2022-07-16 05:19:05.456327');
INSERT INTO book VALUES(215,'Book-217',191.99999999999999999,200,1,'2022-07-16 05:19:05.465727','2022-07-16 05:19:05.466152');
INSERT INTO book VALUES(216,'Book-218',194.0,200,1,'2022-07-16 05:19:05.474201','2022-07-16 05:19:05.474703');
INSERT INTO book VALUES(217,'Book-219',196.0,200,1,'2022-07-16 05:19:05.482760','2022-07-16 05:19:05.483039');
INSERT INTO book VALUES(218,'Book-220',198.0,200,1,'2022-07-16 05:19:05.491400','2022-07-16 05:19:05.491601');
INSERT INTO book VALUES(219,'Book-221',200.0,200,1,'2022-07-16 05:19:05.498530','2022-07-16 05:19:05.499042');
INSERT INTO book VALUES(220,'Book-222',201.99999999999999999,200,1,'2022-07-16 05:19:05.506572','2022-07-16 05:19:05.506930');
INSERT INTO book VALUES(221,'Book-223',203.99999999999999999,200,1,'2022-07-16 05:19:05.516056','2022-07-16 05:19:05.516291');
INSERT INTO book VALUES(222,'Book-224',205.99999999999999999,200,1,'2022-07-16 05:19:05.523431','2022-07-16 05:19:05.523639');
INSERT INTO book VALUES(223,'Book-225',207.99999999999999999,200,1,'2022-07-16 05:19:05.530277','2022-07-16 05:19:05.530499');
INSERT INTO book VALUES(224,'Book-226',209.99999999999999999,200,1,'2022-07-16 05:19:05.537102','2022-07-16 05:19:05.537304');
INSERT INTO book VALUES(225,'Book-227',211.99999999999999998,200,1,'2022-07-16 05:19:05.545641','2022-07-16 05:19:05.545905');
INSERT INTO book VALUES(226,'Book-228',214.0,200,1,'2022-07-16 05:19:05.552760','2022-07-16 05:19:05.553041');
INSERT INTO book VALUES(227,'Book-229',216.0,200,1,'2022-07-16 05:19:05.560332','2022-07-16 05:19:05.560624');
INSERT INTO book VALUES(228,'Book-230',218.0,200,1,'2022-07-16 05:19:05.567782','2022-07-16 05:19:05.567958');
INSERT INTO book VALUES(229,'Book-231',220.0,200,1,'2022-07-16 05:19:05.573827','2022-07-16 05:19:05.574003');
INSERT INTO book VALUES(230,'Book-232',222.0,200,1,'2022-07-16 05:19:05.581589','2022-07-16 05:19:05.581776');
INSERT INTO book VALUES(231,'Book-233',224.0,200,1,'2022-07-16 05:19:05.586807','2022-07-16 05:19:05.586984');
INSERT INTO book VALUES(232,'Book-234',225.99999999999999999,200,1,'2022-07-16 05:19:05.593455','2022-07-16 05:19:05.593699');
INSERT INTO book VALUES(233,'Book-235',227.99999999999999999,200,1,'2022-07-16 05:19:05.601487','2022-07-16 05:19:05.601656');
INSERT INTO book VALUES(234,'Book-236',229.99999999999999999,200,1,'2022-07-16 05:19:05.607816','2022-07-16 05:19:05.607997');
INSERT INTO book VALUES(235,'Book-237',231.99999999999999999,200,1,'2022-07-16 05:19:05.615842','2022-07-16 05:19:05.616098');
INSERT INTO book VALUES(236,'Book-238',233.99999999999999999,200,1,'2022-07-16 05:19:05.623592','2022-07-16 05:19:05.623815');
INSERT INTO book VALUES(237,'Book-239',235.99999999999999999,200,1,'2022-07-16 05:19:05.630283','2022-07-16 05:19:05.630463');
INSERT INTO book VALUES(238,'Book-240',238.00000000000000001,200,1,'2022-07-16 05:19:05.637982','2022-07-16 05:19:05.638231');
INSERT INTO book VALUES(239,'Book-241',240.0,200,1,'2022-07-16 05:19:05.645094','2022-07-16 05:19:05.645239');
INSERT INTO book VALUES(240,'Book-242',242.0,200,1,'2022-07-16 05:19:05.652467','2022-07-16 05:19:05.652619');
INSERT INTO book VALUES(241,'Book-243',244.0,200,1,'2022-07-16 05:19:05.658258','2022-07-16 05:19:05.658388');
INSERT INTO book VALUES(242,'Book-244',246.0,200,1,'2022-07-16 05:19:05.664175','2022-07-16 05:19:05.664322');
INSERT INTO book VALUES(243,'Book-245',248.0,200,1,'2022-07-16 05:19:05.670471','2022-07-16 05:19:05.670620');
INSERT INTO book VALUES(244,'Book-246',250.0,200,1,'2022-07-16 05:19:05.676391','2022-07-16 05:19:05.676523');
INSERT INTO book VALUES(245,'Book-247',251.99999999999999999,200,1,'2022-07-16 05:19:05.685177','2022-07-16 05:19:05.685655');
INSERT INTO book VALUES(246,'Book-248',253.99999999999999999,200,1,'2022-07-16 05:19:05.693788','2022-07-16 05:19:05.694225');
INSERT INTO book VALUES(247,'Book-249',255.99999999999999999,200,1,'2022-07-16 05:19:05.702258','2022-07-16 05:19:05.702653');
INSERT INTO book VALUES(248,'Book-250',257.99999999999999999,200,1,'2022-07-16 05:19:05.714173','2022-07-16 05:19:05.714523');
INSERT INTO book VALUES(249,'Book-251',259.99999999999999999,200,1,'2022-07-16 05:19:05.720607','2022-07-16 05:19:05.720834');
INSERT INTO book VALUES(250,'Book-252',261.99999999999999998,200,1,'2022-07-16 05:19:05.725593','2022-07-16 05:19:05.725764');
INSERT INTO book VALUES(251,'Book-253',264.0,200,1,'2022-07-16 05:19:05.732768','2022-07-16 05:19:05.732911');
INSERT INTO book VALUES(252,'Book-254',266.0,200,1,'2022-07-16 05:19:05.740356','2022-07-16 05:19:05.740861');
INSERT INTO book VALUES(253,'Book-255',268.0,200,1,'2022-07-16 05:19:05.746983','2022-07-16 05:19:05.747273');
INSERT INTO book VALUES(254,'Book-256',270.0,200,1,'2022-07-16 05:19:05.755967','2022-07-16 05:19:05.756184');
INSERT INTO book VALUES(255,'Book-257',272.0,200,1,'2022-07-16 05:19:05.763425','2022-07-16 05:19:05.763818');
INSERT INTO book VALUES(256,'Book-258',274.0,200,1,'2022-07-16 05:19:05.772788','2022-07-16 05:19:05.773027');
INSERT INTO book VALUES(257,'Book-259',275.99999999999999999,200,1,'2022-07-16 05:19:05.778383','2022-07-16 05:19:05.778571');
INSERT INTO book VALUES(258,'Book-260',277.99999999999999999,200,1,'2022-07-16 05:19:05.785169','2022-07-16 05:19:05.785322');
INSERT INTO book VALUES(259,'Book-261',279.99999999999999999,200,1,'2022-07-16 05:19:05.792544','2022-07-16 05:19:05.792703');
INSERT INTO book VALUES(260,'Book-262',281.99999999999999998,200,1,'2022-07-16 05:19:05.798315','2022-07-16 05:19:05.798477');
INSERT INTO book VALUES(261,'Book-263',283.99999999999999999,200,1,'2022-07-16 05:19:05.807129','2022-07-16 05:19:05.807541');
INSERT INTO book VALUES(262,'Book-264',285.99999999999999998,200,1,'2022-07-16 05:19:05.815215','2022-07-16 05:19:05.815625');
INSERT INTO book VALUES(263,'Book-265',288.00000000000000001,200,1,'2022-07-16 05:19:05.824147','2022-07-16 05:19:05.824599');
INSERT INTO book VALUES(264,'Book-266',290.0,200,1,'2022-07-16 05:19:05.832643','2022-07-16 05:19:05.833183');
INSERT INTO book VALUES(265,'Book-267',292.0,200,1,'2022-07-16 05:19:05.841057','2022-07-16 05:19:05.841328');
INSERT INTO book VALUES(266,'Book-268',294.0,200,1,'2022-07-16 05:19:05.847399','2022-07-16 05:19:05.847606');
INSERT INTO book VALUES(267,'Book-269',296.0,200,1,'2022-07-16 05:19:05.855146','2022-07-16 05:19:05.855324');
INSERT INTO book VALUES(268,'Book-270',298.0,200,1,'2022-07-16 05:19:05.861606','2022-07-16 05:19:05.861761');
INSERT INTO book VALUES(269,'Book-271',300.0,200,1,'2022-07-16 05:19:05.870445','2022-07-16 05:19:05.870982');
INSERT INTO book VALUES(270,'Book-272',301.99999999999999999,200,1,'2022-07-16 05:19:05.879119','2022-07-16 05:19:05.879517');
INSERT INTO book VALUES(271,'Book-273',303.99999999999999999,200,1,'2022-07-16 05:19:05.887204','2022-07-16 05:19:05.887629');
INSERT INTO book VALUES(272,'Book-274',305.99999999999999999,200,1,'2022-07-16 05:19:05.896054','2022-07-16 05:19:05.896447');
INSERT INTO book VALUES(273,'Book-275',307.99999999999999999,200,1,'2022-07-16 05:19:05.906760','2022-07-16 05:19:05.907160');
INSERT INTO book VALUES(274,'Book-276',309.99999999999999999,200,1,'2022-07-16 05:19:05.914941','2022-07-16 05:19:05.915539');
INSERT INTO book VALUES(275,'Book-277',311.99999999999999998,200,1,'2022-07-16 05:19:05.924519','2022-07-16 05:19:05.925020');
INSERT INTO book VALUES(276,'Book-278',314.0,200,1,'2022-07-16 05:19:05.936234','2022-07-16 05:19:05.936606');
INSERT INTO book VALUES(277,'Book-279',316.0,200,1,'2022-07-16 05:19:05.944437','2022-07-16 05:19:05.944719');
INSERT INTO book VALUES(278,'Book-280',318.0,200,1,'2022-07-16 05:19:05.953397','2022-07-16 05:19:05.953633');
INSERT INTO book VALUES(279,'Book-281',320.0,200,1,'2022-07-16 05:19:05.960354','2022-07-16 05:19:05.960660');
INSERT INTO book VALUES(280,'Book-282',322.0,200,1,'2022-07-16 05:19:05.966587','2022-07-16 05:19:05.966782');
INSERT INTO book VALUES(281,'Book-283',324.0,200,1,'2022-07-16 05:19:05.975829','2022-07-16 05:19:05.976315');
INSERT INTO book VALUES(282,'Book-284',325.99999999999999999,200,1,'2022-07-16 05:19:05.984725','2022-07-16 05:19:05.985142');
INSERT INTO book VALUES(283,'Book-285',327.99999999999999999,200,1,'2022-07-16 05:19:05.994305','2022-07-16 05:19:05.994763');
INSERT INTO book VALUES(284,'Book-286',329.99999999999999999,200,1,'2022-07-16 05:19:06.003165','2022-07-16 05:19:06.003688');
INSERT INTO book VALUES(285,'Book-287',331.99999999999999999,200,1,'2022-07-16 05:19:06.011509','2022-07-16 05:19:06.011906');
INSERT INTO book VALUES(286,'Book-288',333.99999999999999999,200,1,'2022-07-16 05:19:06.021491','2022-07-16 05:19:06.022002');
INSERT INTO book VALUES(287,'Book-289',335.99999999999999999,200,1,'2022-07-16 05:19:06.029468','2022-07-16 05:19:06.029693');
INSERT INTO book VALUES(288,'Book-290',338.00000000000000001,200,1,'2022-07-16 05:19:06.035504','2022-07-16 05:19:06.035737');
INSERT INTO book VALUES(289,'Book-291',340.0,200,1,'2022-07-16 05:19:06.043100','2022-07-16 05:19:06.043285');
INSERT INTO book VALUES(290,'Book-292',342.0,200,1,'2022-07-16 05:19:06.048551','2022-07-16 05:19:06.048714');
INSERT INTO book VALUES(291,'Book-293',344.0,200,1,'2022-07-16 05:19:06.056388','2022-07-16 05:19:06.056548');
INSERT INTO book VALUES(292,'Book-294',346.0,200,1,'2022-07-16 05:19:06.062658','2022-07-16 05:19:06.062849');
INSERT INTO book VALUES(293,'Book-295',348.0,200,1,'2022-07-16 05:19:06.068661','2022-07-16 05:19:06.068803');
INSERT INTO book VALUES(294,'Book-296',350.0,200,1,'2022-07-16 05:19:06.076599','2022-07-16 05:19:06.076803');
INSERT INTO book VALUES(295,'Book-297',351.99999999999999999,200,1,'2022-07-16 05:19:06.083424','2022-07-16 05:19:06.083600');
INSERT INTO book VALUES(296,'Book-298',353.99999999999999999,200,1,'2022-07-16 05:19:06.091606','2022-07-16 05:19:06.091755');
INSERT INTO book VALUES(297,'Book-299',355.99999999999999999,200,1,'2022-07-16 05:19:06.097879','2022-07-16 05:19:06.098065');
INSERT INTO book VALUES(298,'Book-300',357.99999999999999999,200,1,'2022-07-16 05:19:06.104542','2022-07-16 05:19:06.104930');
INSERT INTO book VALUES(299,'Book-301',359.99999999999999999,200,1,'2022-07-16 05:19:06.114522','2022-07-16 05:19:06.114695');
INSERT INTO book VALUES(300,'Book-302',361.99999999999999998,200,1,'2022-07-16 05:19:06.121534','2022-07-16 05:19:06.121929');
INSERT INTO book VALUES(301,'Book-303',364.0,200,1,'2022-07-16 05:19:06.129446','2022-07-16 05:19:06.129595');
INSERT INTO book VALUES(302,'Book-304',366.0,200,1,'2022-07-16 05:19:06.135726','2022-07-16 05:19:06.135898');
INSERT INTO book VALUES(303,'Book-305',368.0,200,1,'2022-07-16 05:19:06.144091','2022-07-16 05:19:06.144246');
INSERT INTO book VALUES(304,'Book-306',370.0,200,1,'2022-07-16 05:19:06.150505','2022-07-16 05:19:06.150682');
INSERT INTO book VALUES(305,'Book-307',372.0,200,1,'2022-07-16 05:19:06.157134','2022-07-16 05:19:06.157295');
INSERT INTO book VALUES(306,'Book-308',374.0,200,1,'2022-07-16 05:19:06.163509','2022-07-16 05:19:06.163673');
INSERT INTO book VALUES(307,'Book-309',375.99999999999999999,200,1,'2022-07-16 05:19:06.169686','2022-07-16 05:19:06.169886');
INSERT INTO book VALUES(308,'Book-310',377.99999999999999999,200,1,'2022-07-16 05:19:06.178534','2022-07-16 05:19:06.178780');
INSERT INTO book VALUES(309,'Book-311',379.99999999999999999,200,1,'2022-07-16 05:19:06.185230','2022-07-16 05:19:06.185427');
INSERT INTO book VALUES(310,'Book-312',381.99999999999999998,200,1,'2022-07-16 05:19:06.192895','2022-07-16 05:19:06.193044');
INSERT INTO book VALUES(311,'Book-313',383.99999999999999999,200,1,'2022-07-16 05:19:06.198694','2022-07-16 05:19:06.198844');
INSERT INTO book VALUES(312,'Book-314',385.99999999999999998,200,1,'2022-07-16 05:19:06.203861','2022-07-16 05:19:06.204180');
INSERT INTO book VALUES(313,'Book-315',388.00000000000000001,200,1,'2022-07-16 05:19:06.211067','2022-07-16 05:19:06.211216');
INSERT INTO book VALUES(314,'Book-316',390.0,200,1,'2022-07-16 05:19:06.217589','2022-07-16 05:19:06.217782');
INSERT INTO book VALUES(315,'Book-317',392.0,200,1,'2022-07-16 05:19:06.223937','2022-07-16 05:19:06.224085');
INSERT INTO book VALUES(316,'Book-318',394.0,200,1,'2022-07-16 05:19:06.230769','2022-07-16 05:19:06.230925');
INSERT INTO book VALUES(317,'Book-319',396.0,200,1,'2022-07-16 05:19:06.237076','2022-07-16 05:19:06.237203');
INSERT INTO book VALUES(318,'Book-320',398.0,200,1,'2022-07-16 05:19:06.244437','2022-07-16 05:19:06.244560');
INSERT INTO book VALUES(319,'Book-321',400.0,200,1,'2022-07-16 05:19:06.250498','2022-07-16 05:19:06.250831');
INSERT INTO book VALUES(320,'Book-322',401.99999999999999999,200,1,'2022-07-16 05:19:06.257051','2022-07-16 05:19:06.257193');
INSERT INTO book VALUES(321,'Book-323',403.99999999999999999,200,1,'2022-07-16 05:19:06.265237','2022-07-16 05:19:06.265626');
INSERT INTO book VALUES(322,'Book-324',405.99999999999999999,200,1,'2022-07-16 05:19:06.274706','2022-07-16 05:19:06.275118');
INSERT INTO book VALUES(323,'Book-325',407.99999999999999999,200,1,'2022-07-16 05:19:06.284965','2022-07-16 05:19:06.285465');
INSERT INTO book VALUES(324,'Book-326',409.99999999999999999,200,1,'2022-07-16 05:19:06.293491','2022-07-16 05:19:06.293974');
INSERT INTO book VALUES(325,'Book-327',411.99999999999999998,200,1,'2022-07-16 05:19:06.304525','2022-07-16 05:19:06.304933');
INSERT INTO book VALUES(326,'Book-328',413.99999999999999998,200,1,'2022-07-16 05:19:06.313003','2022-07-16 05:19:06.313470');
INSERT INTO book VALUES(327,'Book-329',415.99999999999999998,200,1,'2022-07-16 05:19:06.321094','2022-07-16 05:19:06.321624');
INSERT INTO book VALUES(328,'Book-330',417.99999999999999998,200,1,'2022-07-16 05:19:06.329746','2022-07-16 05:19:06.330218');
INSERT INTO book VALUES(329,'Book-331',419.99999999999999998,200,1,'2022-07-16 05:19:06.339910','2022-07-16 05:19:06.340209');
INSERT INTO book VALUES(330,'Book-332',421.99999999999999998,200,1,'2022-07-16 05:19:06.347355','2022-07-16 05:19:06.347597');
INSERT INTO book VALUES(331,'Book-333',423.99999999999999997,200,1,'2022-07-16 05:19:06.355972','2022-07-16 05:19:06.356181');
INSERT INTO book VALUES(332,'Book-334',426.00000000000000002,200,1,'2022-07-16 05:19:06.362317','2022-07-16 05:19:06.362514');
INSERT INTO book VALUES(333,'Book-335',428.00000000000000001,200,1,'2022-07-16 05:19:06.368268','2022-07-16 05:19:06.368431');
INSERT INTO book VALUES(334,'Book-336',430.00000000000000001,200,1,'2022-07-16 05:19:06.375724','2022-07-16 05:19:06.375887');
INSERT INTO book VALUES(335,'Book-337',432.00000000000000001,200,1,'2022-07-16 05:19:06.381739','2022-07-16 05:19:06.381932');
INSERT INTO book VALUES(336,'Book-338',434.00000000000000001,200,1,'2022-07-16 05:19:06.390834','2022-07-16 05:19:06.391240');
INSERT INTO book VALUES(337,'Book-339',436.00000000000000001,200,1,'2022-07-16 05:19:06.401168','2022-07-16 05:19:06.401657');
INSERT INTO book VALUES(338,'Book-340',438.00000000000000001,200,1,'2022-07-16 05:19:06.409957','2022-07-16 05:19:06.410351');
INSERT INTO book VALUES(339,'Book-341',440.0,200,1,'2022-07-16 05:19:06.418995','2022-07-16 05:19:06.419409');
INSERT INTO book VALUES(340,'Book-342',442.0,200,1,'2022-07-16 05:19:06.430626','2022-07-16 05:19:06.431020');
INSERT INTO book VALUES(341,'Book-343',444.0,200,1,'2022-07-16 05:19:06.439575','2022-07-16 05:19:06.440008');
INSERT INTO book VALUES(342,'Book-344',446.0,200,1,'2022-07-16 05:19:06.447964','2022-07-16 05:19:06.448371');
INSERT INTO book VALUES(343,'Book-345',448.0,200,1,'2022-07-16 05:19:06.456735','2022-07-16 05:19:06.457005');
INSERT INTO book VALUES(344,'Book-346',450.0,200,1,'2022-07-16 05:19:06.462955','2022-07-16 05:19:06.463343');
INSERT INTO book VALUES(345,'Book-347',451.99999999999999999,200,1,'2022-07-16 05:19:06.471212','2022-07-16 05:19:06.471429');
INSERT INTO book VALUES(346,'Book-348',453.99999999999999999,200,1,'2022-07-16 05:19:06.478119','2022-07-16 05:19:06.478301');
INSERT INTO book VALUES(347,'Book-349',455.99999999999999999,200,1,'2022-07-16 05:19:06.482968','2022-07-16 05:19:06.483138');
INSERT INTO book VALUES(348,'Book-350',457.99999999999999999,200,1,'2022-07-16 05:19:06.489542','2022-07-16 05:19:06.489691');
INSERT INTO book VALUES(349,'Book-351',459.99999999999999999,200,1,'2022-07-16 05:19:06.495717','2022-07-16 05:19:06.495905');
INSERT INTO book VALUES(350,'Book-352',461.99999999999999998,200,1,'2022-07-16 05:19:06.503515','2022-07-16 05:19:06.503722');
INSERT INTO book VALUES(351,'Book-353',463.99999999999999998,200,1,'2022-07-16 05:19:06.511823','2022-07-16 05:19:06.512304');
INSERT INTO book VALUES(352,'Book-354',465.99999999999999998,200,1,'2022-07-16 05:19:06.521004','2022-07-16 05:19:06.521533');
INSERT INTO book VALUES(353,'Book-355',467.99999999999999998,200,1,'2022-07-16 05:19:06.531829','2022-07-16 05:19:06.532324');
INSERT INTO book VALUES(354,'Book-356',469.99999999999999998,200,1,'2022-07-16 05:19:06.540529','2022-07-16 05:19:06.540917');
INSERT INTO book VALUES(355,'Book-357',471.99999999999999998,200,1,'2022-07-16 05:19:06.549064','2022-07-16 05:19:06.549633');
INSERT INTO book VALUES(356,'Book-358',473.99999999999999997,200,1,'2022-07-16 05:19:06.557965','2022-07-16 05:19:06.558370');
INSERT INTO book VALUES(357,'Book-359',476.00000000000000002,200,1,'2022-07-16 05:19:06.567283','2022-07-16 05:19:06.567813');
INSERT INTO book VALUES(358,'Book-360',478.00000000000000001,200,1,'2022-07-16 05:19:06.577524','2022-07-16 05:19:06.577957');
INSERT INTO book VALUES(359,'Book-361',480.00000000000000001,200,1,'2022-07-16 05:19:06.585655','2022-07-16 05:19:06.586223');
INSERT INTO book VALUES(360,'Book-362',482.00000000000000001,200,1,'2022-07-16 05:19:06.595949','2022-07-16 05:19:06.596417');
INSERT INTO book VALUES(361,'Book-363',484.00000000000000001,200,1,'2022-07-16 05:19:06.604850','2022-07-16 05:19:06.605494');
INSERT INTO book VALUES(362,'Book-364',486.00000000000000001,200,1,'2022-07-16 05:19:06.612228','2022-07-16 05:19:06.612544');
INSERT INTO book VALUES(363,'Book-365',488.00000000000000001,200,1,'2022-07-16 05:19:06.621561','2022-07-16 05:19:06.621827');
INSERT INTO book VALUES(364,'Book-366',490.0,200,1,'2022-07-16 05:19:06.628020','2022-07-16 05:19:06.628251');
INSERT INTO book VALUES(365,'Book-367',492.0,200,1,'2022-07-16 05:19:06.634384','2022-07-16 05:19:06.634536');
INSERT INTO book VALUES(366,'Book-368',494.0,200,1,'2022-07-16 05:19:06.642524','2022-07-16 05:19:06.642754');
INSERT INTO book VALUES(367,'Book-369',496.0,200,1,'2022-07-16 05:19:06.649422','2022-07-16 05:19:06.649682');
INSERT INTO book VALUES(368,'Book-370',498.0,200,1,'2022-07-16 05:19:06.657603','2022-07-16 05:19:06.657746');
INSERT INTO book VALUES(369,'Book-371',500.0,200,1,'2022-07-16 05:19:06.661828','2022-07-16 05:19:06.661962');
INSERT INTO book VALUES(370,'Book-372',501.99999999999999999,200,1,'2022-07-16 05:19:06.666129','2022-07-16 05:19:06.666263');
INSERT INTO book VALUES(371,'Book-373',503.99999999999999999,200,1,'2022-07-16 05:19:06.671698','2022-07-16 05:19:06.671820');
INSERT INTO book VALUES(372,'Book-374',505.99999999999999999,200,1,'2022-07-16 05:19:06.677349','2022-07-16 05:19:06.677486');
INSERT INTO book VALUES(373,'Book-375',507.99999999999999999,200,1,'2022-07-16 05:19:06.684775','2022-07-16 05:19:06.684909');
INSERT INTO book VALUES(374,'Book-376',509.99999999999999999,200,1,'2022-07-16 05:19:06.691906','2022-07-16 05:19:06.692286');
INSERT INTO book VALUES(375,'Book-377',511.99999999999999998,200,1,'2022-07-16 05:19:06.700681','2022-07-16 05:19:06.701292');
INSERT INTO book VALUES(376,'Book-378',513.99999999999999998,200,1,'2022-07-16 05:19:06.713379','2022-07-16 05:19:06.713981');
INSERT INTO book VALUES(377,'Book-379',515.99999999999999998,200,1,'2022-07-16 05:19:06.722796','2022-07-16 05:19:06.723188');
INSERT INTO book VALUES(378,'Book-380',517.99999999999999998,200,1,'2022-07-16 05:19:06.731144','2022-07-16 05:19:06.731727');
INSERT INTO book VALUES(379,'Book-381',519.99999999999999998,200,1,'2022-07-16 05:19:06.742142','2022-07-16 05:19:06.742678');
INSERT INTO book VALUES(380,'Book-382',521.99999999999999998,200,1,'2022-07-16 05:19:06.751016','2022-07-16 05:19:06.751557');
INSERT INTO book VALUES(381,'Book-383',523.99999999999999997,200,1,'2022-07-16 05:19:06.760090','2022-07-16 05:19:06.760649');
INSERT INTO book VALUES(382,'Book-384',526.00000000000000002,200,1,'2022-07-16 05:19:06.783729','2022-07-16 05:19:06.785272');
INSERT INTO book VALUES(383,'Book-385',528.00000000000000001,200,1,'2022-07-16 05:19:06.798104','2022-07-16 05:19:06.798370');
INSERT INTO book VALUES(384,'Book-386',530.00000000000000001,200,1,'2022-07-16 05:19:06.807222','2022-07-16 05:19:06.807453');
INSERT INTO book VALUES(385,'Book-387',532.00000000000000001,200,1,'2022-07-16 05:19:06.820515','2022-07-16 05:19:06.820955');
INSERT INTO book VALUES(386,'Book-388',534.00000000000000001,200,1,'2022-07-16 05:19:06.825630','2022-07-16 05:19:06.825764');
INSERT INTO book VALUES(387,'Book-389',536.00000000000000001,200,1,'2022-07-16 05:19:06.833041','2022-07-16 05:19:06.833483');
INSERT INTO book VALUES(388,'Book-390',538.00000000000000001,200,1,'2022-07-16 05:19:06.839757','2022-07-16 05:19:06.839882');
INSERT INTO book VALUES(389,'Book-391',540.0,200,1,'2022-07-16 05:19:06.847284','2022-07-16 05:19:06.847447');
INSERT INTO book VALUES(390,'Book-392',542.0,200,1,'2022-07-16 05:19:06.855592','2022-07-16 05:19:06.856094');
INSERT INTO book VALUES(391,'Book-393',544.0,200,1,'2022-07-16 05:19:06.863772','2022-07-16 05:19:06.864162');
INSERT INTO book VALUES(392,'Book-394',546.0,200,1,'2022-07-16 05:19:06.871863','2022-07-16 05:19:06.872251');
INSERT INTO book VALUES(393,'Book-395',548.0,200,1,'2022-07-16 05:19:06.880532','2022-07-16 05:19:06.881579');
INSERT INTO book VALUES(394,'Book-396',550.0,200,1,'2022-07-16 05:19:06.890563','2022-07-16 05:19:06.890949');
INSERT INTO book VALUES(395,'Book-397',551.99999999999999999,200,1,'2022-07-16 05:19:06.899737','2022-07-16 05:19:06.900336');
INSERT INTO book VALUES(396,'Book-398',553.99999999999999999,200,1,'2022-07-16 05:19:06.907857','2022-07-16 05:19:06.908247');
INSERT INTO book VALUES(397,'Book-399',555.99999999999999999,200,1,'2022-07-16 05:19:06.916649','2022-07-16 05:19:06.917248');
INSERT INTO book VALUES(398,'Book-400',557.99999999999999999,200,1,'2022-07-16 05:19:06.925067','2022-07-16 05:19:06.925470');
INSERT INTO book VALUES(399,'Book-401',559.99999999999999999,200,1,'2022-07-16 05:19:06.938111','2022-07-16 05:19:06.938509');
INSERT INTO book VALUES(400,'Book-402',561.99999999999999998,200,1,'2022-07-16 05:19:06.946837','2022-07-16 05:19:06.947354');
INSERT INTO book VALUES(401,'Book-403',563.99999999999999998,200,1,'2022-07-16 05:19:06.954497','2022-07-16 05:19:06.954843');
INSERT INTO book VALUES(402,'Book-404',565.99999999999999998,200,1,'2022-07-16 05:19:06.963314','2022-07-16 05:19:06.963523');
INSERT INTO book VALUES(403,'Book-405',567.99999999999999998,200,1,'2022-07-16 05:19:06.970486','2022-07-16 05:19:06.970674');
INSERT INTO book VALUES(404,'Book-406',569.99999999999999998,200,1,'2022-07-16 05:19:06.976832','2022-07-16 05:19:06.977019');
INSERT INTO book VALUES(405,'Book-407',571.99999999999999998,200,1,'2022-07-16 05:19:06.985303','2022-07-16 05:19:06.985526');
INSERT INTO book VALUES(406,'Book-408',573.99999999999999997,200,1,'2022-07-16 05:19:06.991490','2022-07-16 05:19:06.991640');
INSERT INTO book VALUES(407,'Book-409',576.00000000000000002,200,1,'2022-07-16 05:19:06.998417','2022-07-16 05:19:06.998562');
INSERT INTO book VALUES(408,'Book-410',578.00000000000000001,200,1,'2022-07-16 05:19:07.005838','2022-07-16 05:19:07.006388');
INSERT INTO book VALUES(409,'Book-411',580.00000000000000001,200,1,'2022-07-16 05:19:07.016658','2022-07-16 05:19:07.017077');
INSERT INTO book VALUES(410,'Book-412',582.00000000000000001,200,1,'2022-07-16 05:19:07.028707','2022-07-16 05:19:07.029474');
INSERT INTO book VALUES(411,'Book-413',584.00000000000000001,200,1,'2022-07-16 05:19:07.037351','2022-07-16 05:19:07.037858');
INSERT INTO book VALUES(412,'Book-414',586.00000000000000001,200,1,'2022-07-16 05:19:07.049378','2022-07-16 05:19:07.050006');
INSERT INTO book VALUES(413,'Book-415',588.00000000000000001,200,1,'2022-07-16 05:19:07.060507','2022-07-16 05:19:07.061070');
INSERT INTO book VALUES(414,'Book-416',590.0,200,1,'2022-07-16 05:19:07.070702','2022-07-16 05:19:07.071264');
INSERT INTO book VALUES(415,'Book-417',592.0,200,1,'2022-07-16 05:19:07.081022','2022-07-16 05:19:07.081416');
INSERT INTO book VALUES(416,'Book-418',594.0,200,1,'2022-07-16 05:19:07.089294','2022-07-16 05:19:07.089887');
INSERT INTO book VALUES(417,'Book-419',596.0,200,1,'2022-07-16 05:19:07.099217','2022-07-16 05:19:07.099570');
INSERT INTO book VALUES(418,'Book-420',598.0,200,1,'2022-07-16 05:19:07.105676','2022-07-16 05:19:07.105917');
INSERT INTO book VALUES(419,'Book-421',600.0,200,1,'2022-07-16 05:19:07.112760','2022-07-16 05:19:07.113019');
INSERT INTO book VALUES(420,'Book-422',601.99999999999999999,200,1,'2022-07-16 05:19:07.121376','2022-07-16 05:19:07.121566');
INSERT INTO book VALUES(421,'Book-423',603.99999999999999999,200,1,'2022-07-16 05:19:07.127450','2022-07-16 05:19:07.127615');
INSERT INTO book VALUES(422,'Book-424',605.99999999999999999,200,1,'2022-07-16 05:19:07.133878','2022-07-16 05:19:07.134010');
INSERT INTO book VALUES(423,'Book-425',607.99999999999999999,200,1,'2022-07-16 05:19:07.141195','2022-07-16 05:19:07.141323');
INSERT INTO book VALUES(424,'Book-426',609.99999999999999999,200,1,'2022-07-16 05:19:07.147389','2022-07-16 05:19:07.147543');
INSERT INTO book VALUES(425,'Book-427',611.99999999999999998,200,1,'2022-07-16 05:19:07.155250','2022-07-16 05:19:07.155407');
INSERT INTO book VALUES(426,'Book-428',613.99999999999999998,200,1,'2022-07-16 05:19:07.161730','2022-07-16 05:19:07.161875');
INSERT INTO book VALUES(427,'Book-429',615.99999999999999998,200,1,'2022-07-16 05:19:07.168530','2022-07-16 05:19:07.168930');
INSERT INTO book VALUES(428,'Book-430',617.99999999999999998,200,1,'2022-07-16 05:19:07.178792','2022-07-16 05:19:07.179219');
INSERT INTO book VALUES(429,'Book-431',619.99999999999999998,200,1,'2022-07-16 05:19:07.187523','2022-07-16 05:19:07.188078');
INSERT INTO book VALUES(430,'Book-432',621.99999999999999998,200,1,'2022-07-16 05:19:07.198057','2022-07-16 05:19:07.198460');
INSERT INTO book VALUES(431,'Book-433',623.99999999999999997,200,1,'2022-07-16 05:19:07.207782','2022-07-16 05:19:07.208324');
INSERT INTO book VALUES(432,'Book-434',626.00000000000000002,200,1,'2022-07-16 05:19:07.217510','2022-07-16 05:19:07.218159');
INSERT INTO book VALUES(433,'Book-435',628.00000000000000001,200,1,'2022-07-16 05:19:07.226580','2022-07-16 05:19:07.227144');
INSERT INTO book VALUES(434,'Book-436',630.00000000000000001,200,1,'2022-07-16 05:19:07.236936','2022-07-16 05:19:07.237337');
INSERT INTO book VALUES(435,'Book-437',632.00000000000000001,200,1,'2022-07-16 05:19:07.245905','2022-07-16 05:19:07.246477');
INSERT INTO book VALUES(436,'Book-438',634.00000000000000001,200,1,'2022-07-16 05:19:07.256671','2022-07-16 05:19:07.257083');
INSERT INTO book VALUES(437,'Book-439',636.00000000000000001,200,1,'2022-07-16 05:19:07.267066','2022-07-16 05:19:07.267427');
INSERT INTO book VALUES(438,'Book-440',638.00000000000000001,200,1,'2022-07-16 05:19:07.275666','2022-07-16 05:19:07.275891');
INSERT INTO book VALUES(439,'Book-441',640.0,200,1,'2022-07-16 05:19:07.284710','2022-07-16 05:19:07.284896');
INSERT INTO book VALUES(440,'Book-442',642.0,200,1,'2022-07-16 05:19:07.292051','2022-07-16 05:19:07.292252');
INSERT INTO book VALUES(441,'Book-443',644.0,200,1,'2022-07-16 05:19:07.299892','2022-07-16 05:19:07.300116');
INSERT INTO book VALUES(442,'Book-444',646.0,200,1,'2022-07-16 05:19:07.306763','2022-07-16 05:19:07.306907');
INSERT INTO book VALUES(443,'Book-445',648.0,200,1,'2022-07-16 05:19:07.312548','2022-07-16 05:19:07.312728');
INSERT INTO book VALUES(444,'Book-446',650.0,200,1,'2022-07-16 05:19:07.320386','2022-07-16 05:19:07.320731');
INSERT INTO book VALUES(445,'Book-447',651.99999999999999999,200,1,'2022-07-16 05:19:07.326476','2022-07-16 05:19:07.326604');
INSERT INTO book VALUES(446,'Book-448',653.99999999999999999,200,1,'2022-07-16 05:19:07.333183','2022-07-16 05:19:07.333321');
INSERT INTO book VALUES(447,'Book-449',655.99999999999999999,200,1,'2022-07-16 05:19:07.338728','2022-07-16 05:19:07.338862');
INSERT INTO book VALUES(448,'Book-450',657.99999999999999999,200,1,'2022-07-16 05:19:07.344530','2022-07-16 05:19:07.344715');
INSERT INTO book VALUES(449,'Book-451',659.99999999999999999,200,1,'2022-07-16 05:19:07.352566','2022-07-16 05:19:07.352742');
INSERT INTO book VALUES(450,'Book-452',661.99999999999999998,200,1,'2022-07-16 05:19:07.359868','2022-07-16 05:19:07.360039');
INSERT INTO book VALUES(451,'Book-453',663.99999999999999998,200,1,'2022-07-16 05:19:07.367646','2022-07-16 05:19:07.367791');
INSERT INTO book VALUES(452,'Book-454',665.99999999999999998,200,1,'2022-07-16 05:19:07.374198','2022-07-16 05:19:07.374351');
INSERT INTO book VALUES(453,'Book-455',667.99999999999999998,200,1,'2022-07-16 05:19:07.382330','2022-07-16 05:19:07.382679');
INSERT INTO book VALUES(454,'Book-456',669.99999999999999998,200,1,'2022-07-16 05:19:07.388673','2022-07-16 05:19:07.388821');
INSERT INTO book VALUES(455,'Book-457',671.99999999999999998,200,1,'2022-07-16 05:19:07.394930','2022-07-16 05:19:07.395070');
INSERT INTO book VALUES(456,'Book-458',673.99999999999999997,200,1,'2022-07-16 05:19:07.402693','2022-07-16 05:19:07.403092');
INSERT INTO book VALUES(457,'Book-459',676.00000000000000002,200,1,'2022-07-16 05:19:07.413020','2022-07-16 05:19:07.413162');
INSERT INTO book VALUES(458,'Book-460',678.00000000000000001,200,1,'2022-07-16 05:19:07.421263','2022-07-16 05:19:07.421405');
INSERT INTO book VALUES(459,'Book-461',680.00000000000000001,200,1,'2022-07-16 05:19:07.427499','2022-07-16 05:19:07.427651');
INSERT INTO book VALUES(460,'Book-462',682.00000000000000001,200,1,'2022-07-16 05:19:07.434090','2022-07-16 05:19:07.434398');
INSERT INTO book VALUES(461,'Book-463',684.00000000000000001,200,1,'2022-07-16 05:19:07.441746','2022-07-16 05:19:07.442234');
INSERT INTO book VALUES(462,'Book-464',686.00000000000000001,200,1,'2022-07-16 05:19:07.449927','2022-07-16 05:19:07.450401');
INSERT INTO book VALUES(463,'Book-465',688.00000000000000001,200,1,'2022-07-16 05:19:07.462286','2022-07-16 05:19:07.462850');
INSERT INTO book VALUES(464,'Book-466',690.0,200,1,'2022-07-16 05:19:07.473404','2022-07-16 05:19:07.473887');
INSERT INTO book VALUES(465,'Book-467',692.0,200,1,'2022-07-16 05:19:07.482240','2022-07-16 05:19:07.482639');
INSERT INTO book VALUES(466,'Book-468',694.0,200,1,'2022-07-16 05:19:07.491915','2022-07-16 05:19:07.492461');
INSERT INTO book VALUES(467,'Book-469',696.0,200,1,'2022-07-16 05:19:07.503056','2022-07-16 05:19:07.503658');
INSERT INTO book VALUES(468,'Book-470',698.0,200,1,'2022-07-16 05:19:07.512139','2022-07-16 05:19:07.512543');
INSERT INTO book VALUES(469,'Book-471',700.0,200,1,'2022-07-16 05:19:07.520616','2022-07-16 05:19:07.520908');
INSERT INTO book VALUES(470,'Book-472',701.99999999999999999,200,1,'2022-07-16 05:19:07.527093','2022-07-16 05:19:07.527397');
INSERT INTO book VALUES(471,'Book-473',703.99999999999999999,200,1,'2022-07-16 05:19:07.534931','2022-07-16 05:19:07.535212');
INSERT INTO book VALUES(472,'Book-474',705.99999999999999999,200,1,'2022-07-16 05:19:07.547374','2022-07-16 05:19:07.547539');
INSERT INTO book VALUES(473,'Book-475',707.99999999999999999,200,1,'2022-07-16 05:19:07.554058','2022-07-16 05:19:07.554213');
INSERT INTO book VALUES(474,'Book-476',709.99999999999999999,200,1,'2022-07-16 05:19:07.561685','2022-07-16 05:19:07.561851');
INSERT INTO book VALUES(475,'Book-477',711.99999999999999998,200,1,'2022-07-16 05:19:07.567644','2022-07-16 05:19:07.567789');
INSERT INTO book VALUES(476,'Book-478',713.99999999999999998,200,1,'2022-07-16 05:19:07.573357','2022-07-16 05:19:07.573515');
INSERT INTO book VALUES(477,'Book-479',715.99999999999999998,200,1,'2022-07-16 05:19:07.581263','2022-07-16 05:19:07.581414');
INSERT INTO book VALUES(478,'Book-480',717.99999999999999998,200,1,'2022-07-16 05:19:07.587439','2022-07-16 05:19:07.587596');
INSERT INTO book VALUES(479,'Book-481',719.99999999999999998,200,1,'2022-07-16 05:19:07.595135','2022-07-16 05:19:07.595364');
INSERT INTO book VALUES(480,'Book-482',721.99999999999999998,200,1,'2022-07-16 05:19:07.601672','2022-07-16 05:19:07.601842');
INSERT INTO book VALUES(481,'Book-483',723.99999999999999997,200,1,'2022-07-16 05:19:07.607909','2022-07-16 05:19:07.608061');
INSERT INTO book VALUES(482,'Book-484',726.00000000000000002,200,1,'2022-07-16 05:19:07.613657','2022-07-16 05:19:07.613875');
INSERT INTO book VALUES(483,'Book-485',728.00000000000000001,200,1,'2022-07-16 05:19:07.621324','2022-07-16 05:19:07.621473');
INSERT INTO book VALUES(484,'Book-486',730.00000000000000001,200,1,'2022-07-16 05:19:07.627349','2022-07-16 05:19:07.627538');
INSERT INTO book VALUES(485,'Book-487',732.00000000000000001,200,1,'2022-07-16 05:19:07.633454','2022-07-16 05:19:07.633609');
INSERT INTO book VALUES(486,'Book-488',734.00000000000000001,200,1,'2022-07-16 05:19:07.641087','2022-07-16 05:19:07.641237');
INSERT INTO book VALUES(487,'Book-489',736.00000000000000001,200,1,'2022-07-16 05:19:07.646848','2022-07-16 05:19:07.647050');
INSERT INTO book VALUES(488,'Book-490',738.00000000000000001,200,1,'2022-07-16 05:19:07.654506','2022-07-16 05:19:07.654665');
INSERT INTO book VALUES(489,'Book-491',740.0,200,1,'2022-07-16 05:19:07.659356','2022-07-16 05:19:07.659505');
INSERT INTO book VALUES(490,'Book-492',742.0,200,1,'2022-07-16 05:19:07.665403','2022-07-16 05:19:07.665584');
INSERT INTO book VALUES(491,'Book-493',744.0,200,1,'2022-07-16 05:19:07.673229','2022-07-16 05:19:07.673403');
INSERT INTO book VALUES(492,'Book-494',746.0,200,1,'2022-07-16 05:19:07.678211','2022-07-16 05:19:07.678382');
INSERT INTO book VALUES(493,'Book-495',748.0,200,1,'2022-07-16 05:19:07.684491','2022-07-16 05:19:07.684646');
INSERT INTO book VALUES(494,'Book-496',750.0,200,1,'2022-07-16 05:19:07.692245','2022-07-16 05:19:07.692402');
INSERT INTO book VALUES(495,'Book-497',751.99999999999999999,200,1,'2022-07-16 05:19:07.697870','2022-07-16 05:19:07.698020');
INSERT INTO book VALUES(496,'Book-498',753.99999999999999999,200,1,'2022-07-16 05:19:07.705441','2022-07-16 05:19:07.705589');
INSERT INTO book VALUES(497,'Book-499',755.99999999999999999,200,1,'2022-07-16 05:19:07.711422','2022-07-16 05:19:07.711644');
INSERT INTO book VALUES(498,'Book-500',757.99999999999999999,200,1,'2022-07-16 05:19:07.718005','2022-07-16 05:19:07.718204');
INSERT INTO book VALUES(499,'Book-501',759.99999999999999999,200,1,'2022-07-16 05:19:07.728501','2022-07-16 05:19:07.728656');
INSERT INTO book VALUES(500,'Book-502',761.99999999999999998,200,1,'2022-07-16 05:19:07.734384','2022-07-16 05:19:07.734554');
INSERT INTO book VALUES(501,'Book-503',763.99999999999999998,200,1,'2022-07-16 05:19:07.740977','2022-07-16 05:19:07.741129');
INSERT INTO book VALUES(502,'Book-504',765.99999999999999998,200,1,'2022-07-16 05:19:07.747124','2022-07-16 05:19:07.747291');
INSERT INTO book VALUES(503,'Book-505',767.99999999999999998,200,1,'2022-07-16 05:19:07.755477','2022-07-16 05:19:07.755636');
INSERT INTO book VALUES(504,'Book-506',769.99999999999999998,200,1,'2022-07-16 05:19:07.761681','2022-07-16 05:19:07.761872');
INSERT INTO book VALUES(505,'Book-507',771.99999999999999998,200,1,'2022-07-16 05:19:07.767788','2022-07-16 05:19:07.767931');
INSERT INTO book VALUES(506,'Book-508',773.99999999999999997,200,1,'2022-07-16 05:19:07.777450','2022-07-16 05:19:07.777711');
INSERT INTO book VALUES(507,'Book-509',776.00000000000000002,200,1,'2022-07-16 05:19:07.788037','2022-07-16 05:19:07.788264');
INSERT INTO book VALUES(508,'Book-510',778.00000000000000001,200,1,'2022-07-16 05:19:07.797795','2022-07-16 05:19:07.798001');
INSERT INTO book VALUES(509,'Book-511',780.00000000000000001,200,1,'2022-07-16 05:19:07.805207','2022-07-16 05:19:07.805372');
INSERT INTO book VALUES(510,'Book-512',782.00000000000000001,200,1,'2022-07-16 05:19:07.809736','2022-07-16 05:19:07.809960');
INSERT INTO book VALUES(511,'Book-513',784.00000000000000001,200,1,'2022-07-16 05:19:07.815828','2022-07-16 05:19:07.816018');
INSERT INTO book VALUES(512,'Book-514',786.00000000000000001,200,1,'2022-07-16 05:19:07.823811','2022-07-16 05:19:07.824006');
INSERT INTO book VALUES(513,'Book-515',788.00000000000000001,200,1,'2022-07-16 05:19:07.829720','2022-07-16 05:19:07.829945');
INSERT INTO book VALUES(514,'Book-516',790.0,200,1,'2022-07-16 05:19:07.837505','2022-07-16 05:19:07.837701');
INSERT INTO book VALUES(515,'Book-517',792.0,200,1,'2022-07-16 05:19:07.843694','2022-07-16 05:19:07.843834');
INSERT INTO book VALUES(516,'Book-518',794.0,200,1,'2022-07-16 05:19:07.851145','2022-07-16 05:19:07.851311');
INSERT INTO book VALUES(517,'Book-519',796.0,200,1,'2022-07-16 05:19:07.857587','2022-07-16 05:19:07.857738');
INSERT INTO book VALUES(518,'Book-520',798.0,200,1,'2022-07-16 05:19:07.863798','2022-07-16 05:19:07.863976');
INSERT INTO book VALUES(519,'Book-521',800.0,200,1,'2022-07-16 05:19:07.872127','2022-07-16 05:19:07.872336');
INSERT INTO book VALUES(520,'Book-522',802.00000000000000004,200,1,'2022-07-16 05:19:07.878805','2022-07-16 05:19:07.878951');
INSERT INTO book VALUES(521,'Book-523',803.99999999999999999,200,1,'2022-07-16 05:19:07.885189','2022-07-16 05:19:07.885399');
INSERT INTO book VALUES(522,'Book-524',806.00000000000000003,200,1,'2022-07-16 05:19:07.892105','2022-07-16 05:19:07.892314');
INSERT INTO book VALUES(523,'Book-525',807.99999999999999999,200,1,'2022-07-16 05:19:07.901303','2022-07-16 05:19:07.901742');
INSERT INTO book VALUES(524,'Book-526',810.00000000000000003,200,1,'2022-07-16 05:19:07.910100','2022-07-16 05:19:07.910643');
INSERT INTO book VALUES(525,'Book-527',811.99999999999999998,200,1,'2022-07-16 05:19:07.918824','2022-07-16 05:19:07.919273');
INSERT INTO book VALUES(526,'Book-528',814.00000000000000003,200,1,'2022-07-16 05:19:07.928517','2022-07-16 05:19:07.928954');
INSERT INTO book VALUES(527,'Book-529',815.99999999999999998,200,1,'2022-07-16 05:19:07.935615','2022-07-16 05:19:07.935827');
INSERT INTO book VALUES(528,'Book-530',818.00000000000000002,200,1,'2022-07-16 05:19:07.941878','2022-07-16 05:19:07.942087');
INSERT INTO book VALUES(529,'Book-531',819.99999999999999998,200,1,'2022-07-16 05:19:07.947207','2022-07-16 05:19:07.947405');
INSERT INTO book VALUES(530,'Book-532',822.00000000000000002,200,1,'2022-07-16 05:19:07.955354','2022-07-16 05:19:07.955497');
INSERT INTO book VALUES(531,'Book-533',823.99999999999999997,200,1,'2022-07-16 05:19:07.961151','2022-07-16 05:19:07.961290');
INSERT INTO book VALUES(532,'Book-534',826.00000000000000002,200,1,'2022-07-16 05:19:07.968867','2022-07-16 05:19:07.968999');
INSERT INTO book VALUES(533,'Book-535',827.99999999999999997,200,1,'2022-07-16 05:19:07.974097','2022-07-16 05:19:07.974234');
INSERT INTO book VALUES(534,'Book-536',830.00000000000000001,200,1,'2022-07-16 05:19:07.981406','2022-07-16 05:19:07.981790');
INSERT INTO book VALUES(535,'Book-537',831.99999999999999997,200,1,'2022-07-16 05:19:07.990112','2022-07-16 05:19:07.990523');
INSERT INTO book VALUES(536,'Book-538',834.00000000000000001,200,1,'2022-07-16 05:19:07.998405','2022-07-16 05:19:07.998852');
INSERT INTO book VALUES(537,'Book-539',835.99999999999999996,200,1,'2022-07-16 05:19:08.006595','2022-07-16 05:19:08.006986');
INSERT INTO book VALUES(538,'Book-540',838.00000000000000001,200,1,'2022-07-16 05:19:08.013830','2022-07-16 05:19:08.014039');
INSERT INTO book VALUES(539,'Book-541',839.99999999999999996,200,1,'2022-07-16 05:19:08.019361','2022-07-16 05:19:08.019530');
INSERT INTO book VALUES(540,'Book-542',842.0,200,1,'2022-07-16 05:19:08.025190','2022-07-16 05:19:08.025377');
INSERT INTO book VALUES(541,'Book-543',843.99999999999999996,200,1,'2022-07-16 05:19:08.032599','2022-07-16 05:19:08.032736');
INSERT INTO book VALUES(542,'Book-544',846.0,200,1,'2022-07-16 05:19:08.038922','2022-07-16 05:19:08.039059');
INSERT INTO book VALUES(543,'Book-545',847.99999999999999995,200,1,'2022-07-16 05:19:08.045265','2022-07-16 05:19:08.045410');
INSERT INTO book VALUES(544,'Book-546',850.0,200,1,'2022-07-16 05:19:08.051670','2022-07-16 05:19:08.051807');
INSERT INTO book VALUES(545,'Book-547',852.00000000000000004,200,1,'2022-07-16 05:19:08.059099','2022-07-16 05:19:08.059228');
INSERT INTO book VALUES(546,'Book-548',853.99999999999999999,200,1,'2022-07-16 05:19:08.065722','2022-07-16 05:19:08.065941');
INSERT INTO book VALUES(547,'Book-549',856.00000000000000003,200,1,'2022-07-16 05:19:08.071895','2022-07-16 05:19:08.072084');
INSERT INTO book VALUES(548,'Book-550',857.99999999999999999,200,1,'2022-07-16 05:19:08.080724','2022-07-16 05:19:08.081260');
INSERT INTO book VALUES(549,'Book-551',860.00000000000000003,200,1,'2022-07-16 05:19:08.090182','2022-07-16 05:19:08.090583');
INSERT INTO book VALUES(550,'Book-552',861.99999999999999998,200,1,'2022-07-16 05:19:08.098245','2022-07-16 05:19:08.098594');
INSERT INTO book VALUES(551,'Book-553',864.00000000000000003,200,1,'2022-07-16 05:19:08.107146','2022-07-16 05:19:08.107368');
INSERT INTO book VALUES(552,'Book-554',865.99999999999999998,200,1,'2022-07-16 05:19:08.114133','2022-07-16 05:19:08.114286');
INSERT INTO book VALUES(553,'Book-555',868.00000000000000002,200,1,'2022-07-16 05:19:08.118812','2022-07-16 05:19:08.119099');
INSERT INTO book VALUES(554,'Book-556',869.99999999999999998,200,1,'2022-07-16 05:19:08.128076','2022-07-16 05:19:08.128567');
INSERT INTO book VALUES(555,'Book-557',872.00000000000000002,200,1,'2022-07-16 05:19:08.137753','2022-07-16 05:19:08.138167');
INSERT INTO book VALUES(556,'Book-558',873.99999999999999997,200,1,'2022-07-16 05:19:08.147506','2022-07-16 05:19:08.147896');
INSERT INTO book VALUES(557,'Book-559',876.00000000000000002,200,1,'2022-07-16 05:19:08.156049','2022-07-16 05:19:08.156324');
INSERT INTO book VALUES(558,'Book-560',877.99999999999999997,200,1,'2022-07-16 05:19:08.161766','2022-07-16 05:19:08.162013');
INSERT INTO book VALUES(559,'Book-561',880.00000000000000001,200,1,'2022-07-16 05:19:08.170577','2022-07-16 05:19:08.170745');
INSERT INTO book VALUES(560,'Book-562',881.99999999999999997,200,1,'2022-07-16 05:19:08.176685','2022-07-16 05:19:08.176823');
INSERT INTO book VALUES(561,'Book-563',884.00000000000000001,200,1,'2022-07-16 05:19:08.184450','2022-07-16 05:19:08.184587');
INSERT INTO book VALUES(562,'Book-564',885.99999999999999996,200,1,'2022-07-16 05:19:08.191503','2022-07-16 05:19:08.191650');
INSERT INTO book VALUES(563,'Book-565',888.00000000000000001,200,1,'2022-07-16 05:19:08.197330','2022-07-16 05:19:08.197462');
INSERT INTO book VALUES(564,'Book-566',889.99999999999999996,200,1,'2022-07-16 05:19:08.203253','2022-07-16 05:19:08.203420');
INSERT INTO book VALUES(565,'Book-567',892.0,200,1,'2022-07-16 05:19:08.210128','2022-07-16 05:19:08.210270');
INSERT INTO book VALUES(566,'Book-568',893.99999999999999996,200,1,'2022-07-16 05:19:08.216285','2022-07-16 05:19:08.216483');
INSERT INTO book VALUES(567,'Book-569',896.0,200,1,'2022-07-16 05:19:08.222725','2022-07-16 05:19:08.222857');
INSERT INTO book VALUES(568,'Book-570',897.99999999999999995,200,1,'2022-07-16 05:19:08.230701','2022-07-16 05:19:08.231231');
INSERT INTO book VALUES(569,'Book-571',900.0,200,1,'2022-07-16 05:19:08.239517','2022-07-16 05:19:08.239919');
INSERT INTO book VALUES(570,'Book-572',902.00000000000000004,200,1,'2022-07-16 05:19:08.247686','2022-07-16 05:19:08.248080');
INSERT INTO book VALUES(571,'Book-573',903.99999999999999999,200,1,'2022-07-16 05:19:08.259107','2022-07-16 05:19:08.259461');
INSERT INTO book VALUES(572,'Book-574',906.00000000000000003,200,1,'2022-07-16 05:19:08.266098','2022-07-16 05:19:08.266327');
INSERT INTO book VALUES(573,'Book-575',907.99999999999999999,200,1,'2022-07-16 05:19:08.273616','2022-07-16 05:19:08.273871');
INSERT INTO book VALUES(574,'Book-576',910.00000000000000003,200,1,'2022-07-16 05:19:08.281705','2022-07-16 05:19:08.281971');
INSERT INTO book VALUES(575,'Book-577',911.99999999999999998,200,1,'2022-07-16 05:19:08.288105','2022-07-16 05:19:08.288238');
INSERT INTO book VALUES(576,'Book-578',914.00000000000000003,200,1,'2022-07-16 05:19:08.296649','2022-07-16 05:19:08.297056');
INSERT INTO book VALUES(577,'Book-579',915.99999999999999998,200,1,'2022-07-16 05:19:08.305135','2022-07-16 05:19:08.305554');
INSERT INTO book VALUES(578,'Book-580',918.00000000000000002,200,1,'2022-07-16 05:19:08.313369','2022-07-16 05:19:08.313732');
INSERT INTO book VALUES(579,'Book-581',919.99999999999999998,200,1,'2022-07-16 05:19:08.323615','2022-07-16 05:19:08.323955');
INSERT INTO book VALUES(580,'Book-582',922.00000000000000002,200,1,'2022-07-16 05:19:08.331123','2022-07-16 05:19:08.331338');
INSERT INTO book VALUES(581,'Book-583',923.99999999999999997,200,1,'2022-07-16 05:19:08.339780','2022-07-16 05:19:08.340121');
INSERT INTO book VALUES(582,'Book-584',926.00000000000000002,200,1,'2022-07-16 05:19:08.346437','2022-07-16 05:19:08.346633');
INSERT INTO book VALUES(583,'Book-585',927.99999999999999997,200,1,'2022-07-16 05:19:08.353104','2022-07-16 05:19:08.353276');
INSERT INTO book VALUES(584,'Book-586',930.00000000000000001,200,1,'2022-07-16 05:19:08.358824','2022-07-16 05:19:08.358987');
INSERT INTO book VALUES(585,'Book-587',931.99999999999999997,200,1,'2022-07-16 05:19:08.365597','2022-07-16 05:19:08.365758');
INSERT INTO book VALUES(586,'Book-588',934.00000000000000001,200,1,'2022-07-16 05:19:08.373575','2022-07-16 05:19:08.373734');
INSERT INTO book VALUES(587,'Book-589',935.99999999999999996,200,1,'2022-07-16 05:19:08.379801','2022-07-16 05:19:08.379956');
INSERT INTO book VALUES(588,'Book-590',938.00000000000000001,200,1,'2022-07-16 05:19:08.387165','2022-07-16 05:19:08.387316');
INSERT INTO book VALUES(589,'Book-591',939.99999999999999996,200,1,'2022-07-16 05:19:08.393534','2022-07-16 05:19:08.393742');
INSERT INTO book VALUES(590,'Book-592',942.0,200,1,'2022-07-16 05:19:08.399396','2022-07-16 05:19:08.399561');
INSERT INTO book VALUES(591,'Book-593',943.99999999999999996,200,1,'2022-07-16 05:19:08.407167','2022-07-16 05:19:08.407314');
INSERT INTO book VALUES(592,'Book-594',946.0,200,1,'2022-07-16 05:19:08.413751','2022-07-16 05:19:08.414304');
INSERT INTO book VALUES(593,'Book-595',947.99999999999999995,200,1,'2022-07-16 05:19:08.422055','2022-07-16 05:19:08.422469');
INSERT INTO book VALUES(594,'Book-596',950.0,200,1,'2022-07-16 05:19:08.432740','2022-07-16 05:19:08.433296');
INSERT INTO book VALUES(595,'Book-597',952.00000000000000004,200,1,'2022-07-16 05:19:08.441043','2022-07-16 05:19:08.441445');
INSERT INTO book VALUES(596,'Book-598',953.99999999999999999,200,1,'2022-07-16 05:19:08.449332','2022-07-16 05:19:08.450052');
INSERT INTO book VALUES(597,'Book-599',956.00000000000000003,200,1,'2022-07-16 05:19:08.460972','2022-07-16 05:19:08.461504');
INSERT INTO book VALUES(598,'Book-600',957.99999999999999999,200,1,'2022-07-16 05:19:08.471160','2022-07-16 05:19:08.471568');
INSERT INTO book VALUES(599,'Book-601',960.00000000000000003,200,1,'2022-07-16 05:19:08.482231','2022-07-16 05:19:08.482662');
INSERT INTO book VALUES(600,'Book-602',961.99999999999999998,200,1,'2022-07-16 05:19:08.490335','2022-07-16 05:19:08.490607');
INSERT INTO book VALUES(601,'Book-603',964.00000000000000003,200,1,'2022-07-16 05:19:08.496700','2022-07-16 05:19:08.496939');
INSERT INTO book VALUES(602,'Book-604',965.99999999999999998,200,1,'2022-07-16 05:19:08.504939','2022-07-16 05:19:08.505123');
INSERT INTO book VALUES(603,'Book-605',968.00000000000000002,200,1,'2022-07-16 05:19:08.511331','2022-07-16 05:19:08.511500');
INSERT INTO book VALUES(604,'Book-606',969.99999999999999998,200,1,'2022-07-16 05:19:08.517623','2022-07-16 05:19:08.517829');
INSERT INTO book VALUES(605,'Book-607',972.00000000000000002,200,1,'2022-07-16 05:19:08.522326','2022-07-16 05:19:08.522505');
INSERT INTO book VALUES(606,'Book-608',973.99999999999999997,200,1,'2022-07-16 05:19:08.530973','2022-07-16 05:19:08.531147');
INSERT INTO book VALUES(607,'Book-609',976.00000000000000002,200,1,'2022-07-16 05:19:08.537119','2022-07-16 05:19:08.537298');
INSERT INTO book VALUES(608,'Book-610',977.99999999999999997,200,1,'2022-07-16 05:19:08.541823','2022-07-16 05:19:08.541995');
INSERT INTO book VALUES(609,'Book-611',980.00000000000000001,200,1,'2022-07-16 05:19:08.548393','2022-07-16 05:19:08.548875');
INSERT INTO book VALUES(610,'Book-612',981.99999999999999997,200,1,'2022-07-16 05:19:08.555169','2022-07-16 05:19:08.555349');
INSERT INTO book VALUES(611,'Book-613',984.00000000000000001,200,1,'2022-07-16 05:19:08.561822','2022-07-16 05:19:08.562022');
INSERT INTO book VALUES(612,'Book-614',985.99999999999999996,200,1,'2022-07-16 05:19:08.570470','2022-07-16 05:19:08.570641');
INSERT INTO book VALUES(613,'Book-615',988.00000000000000001,200,1,'2022-07-16 05:19:08.576999','2022-07-16 05:19:08.577249');
INSERT INTO book VALUES(614,'Book-616',989.99999999999999996,200,1,'2022-07-16 05:19:08.585197','2022-07-16 05:19:08.585655');
INSERT INTO book VALUES(615,'Book-617',992.0,200,1,'2022-07-16 05:19:08.592225','2022-07-16 05:19:08.592397');
INSERT INTO book VALUES(616,'Book-618',993.99999999999999996,200,1,'2022-07-16 05:19:08.598572','2022-07-16 05:19:08.598781');
INSERT INTO book VALUES(617,'Book-619',996.0,200,1,'2022-07-16 05:19:08.607075','2022-07-16 05:19:08.607244');
INSERT INTO book VALUES(618,'Book-620',997.99999999999999995,200,1,'2022-07-16 05:19:08.613210','2022-07-16 05:19:08.613380');
INSERT INTO book VALUES(619,'Book-621',1000.0,200,1,'2022-07-16 05:19:08.621547','2022-07-16 05:19:08.621735');
INSERT INTO book VALUES(620,'Book-622',1002.0,200,1,'2022-07-16 05:19:08.626651','2022-07-16 05:19:08.626895');
INSERT INTO book VALUES(621,'Book-623',1003.9999999999999999,200,1,'2022-07-16 05:19:08.633364','2022-07-16 05:19:08.633595');
INSERT INTO book VALUES(622,'Book-624',1006.0,200,1,'2022-07-16 05:19:08.642027','2022-07-16 05:19:08.642270');
INSERT INTO book VALUES(623,'Book-625',1007.9999999999999999,200,1,'2022-07-16 05:19:08.649013','2022-07-16 05:19:08.649184');
INSERT INTO book VALUES(624,'Book-626',1009.9999999999999999,200,1,'2022-07-16 05:19:08.655872','2022-07-16 05:19:08.656134');
INSERT INTO book VALUES(625,'Book-627',1012.0,200,1,'2022-07-16 05:19:08.662596','2022-07-16 05:19:08.662735');
INSERT INTO book VALUES(626,'Book-628',1013.9999999999999999,200,1,'2022-07-16 05:19:08.669684','2022-07-16 05:19:08.669825');
INSERT INTO book VALUES(627,'Book-629',1016.0,200,1,'2022-07-16 05:19:08.675507','2022-07-16 05:19:08.675637');
INSERT INTO book VALUES(628,'Book-630',1018.0,200,1,'2022-07-16 05:19:08.681667','2022-07-16 05:19:08.681818');
INSERT INTO book VALUES(629,'Book-631',1019.9999999999999999,200,1,'2022-07-16 05:19:08.689840','2022-07-16 05:19:08.689969');
INSERT INTO book VALUES(630,'Book-632',1022.0,200,1,'2022-07-16 05:19:08.695749','2022-07-16 05:19:08.695991');
INSERT INTO book VALUES(631,'Book-633',1023.9999999999999999,200,1,'2022-07-16 05:19:08.704286','2022-07-16 05:19:08.704439');
INSERT INTO book VALUES(632,'Book-634',1025.9999999999999999,200,1,'2022-07-16 05:19:08.709978','2022-07-16 05:19:08.710104');
INSERT INTO book VALUES(633,'Book-635',1028.0,200,1,'2022-07-16 05:19:08.715819','2022-07-16 05:19:08.715966');
INSERT INTO book VALUES(634,'Book-636',1029.9999999999999999,200,1,'2022-07-16 05:19:08.723054','2022-07-16 05:19:08.723184');
INSERT INTO book VALUES(635,'Book-637',1032.0,200,1,'2022-07-16 05:19:08.728990','2022-07-16 05:19:08.729162');
INSERT INTO book VALUES(636,'Book-638',1033.9999999999999999,200,1,'2022-07-16 05:19:08.736682','2022-07-16 05:19:08.736858');
INSERT INTO book VALUES(637,'Book-639',1035.9999999999999999,200,1,'2022-07-16 05:19:08.742620','2022-07-16 05:19:08.742757');
INSERT INTO book VALUES(638,'Book-640',1038.0,200,1,'2022-07-16 05:19:08.748383','2022-07-16 05:19:08.748511');
INSERT INTO book VALUES(639,'Book-641',1039.9999999999999999,200,1,'2022-07-16 05:19:08.755931','2022-07-16 05:19:08.756078');
INSERT INTO book VALUES(640,'Book-642',1042.0,200,1,'2022-07-16 05:19:08.761670','2022-07-16 05:19:08.761876');
INSERT INTO book VALUES(641,'Book-643',1044.0,200,1,'2022-07-16 05:19:08.770965','2022-07-16 05:19:08.771503');
INSERT INTO book VALUES(642,'Book-644',1045.9999999999999999,200,1,'2022-07-16 05:19:08.779686','2022-07-16 05:19:08.780113');
INSERT INTO book VALUES(643,'Book-645',1048.0,200,1,'2022-07-16 05:19:08.788046','2022-07-16 05:19:08.788447');
INSERT INTO book VALUES(644,'Book-646',1049.9999999999999999,200,1,'2022-07-16 05:19:08.795900','2022-07-16 05:19:08.796419');
INSERT INTO book VALUES(645,'Book-647',1051.9999999999999999,200,1,'2022-07-16 05:19:08.804864','2022-07-16 05:19:08.805187');
INSERT INTO book VALUES(646,'Book-648',1054.0,200,1,'2022-07-16 05:19:08.811525','2022-07-16 05:19:08.811740');
INSERT INTO book VALUES(647,'Book-649',1055.9999999999999999,200,1,'2022-07-16 05:19:08.819886','2022-07-16 05:19:08.820066');
INSERT INTO book VALUES(648,'Book-650',1058.0,200,1,'2022-07-16 05:19:08.826235','2022-07-16 05:19:08.826394');
INSERT INTO book VALUES(649,'Book-651',1059.9999999999999999,200,1,'2022-07-16 05:19:08.833742','2022-07-16 05:19:08.833934');
INSERT INTO book VALUES(650,'Book-652',1061.9999999999999999,200,1,'2022-07-16 05:19:08.840222','2022-07-16 05:19:08.840393');
INSERT INTO book VALUES(651,'Book-653',1064.0,200,1,'2022-07-16 05:19:08.848075','2022-07-16 05:19:08.848453');
INSERT INTO book VALUES(652,'Book-654',1065.9999999999999999,200,1,'2022-07-16 05:19:08.856557','2022-07-16 05:19:08.857026');
INSERT INTO book VALUES(653,'Book-655',1068.0,200,1,'2022-07-16 05:19:08.865116','2022-07-16 05:19:08.865669');
INSERT INTO book VALUES(654,'Book-656',1070.0,200,1,'2022-07-16 05:19:08.873431','2022-07-16 05:19:08.873794');
INSERT INTO book VALUES(655,'Book-657',1071.9999999999999999,200,1,'2022-07-16 05:19:08.882454','2022-07-16 05:19:08.882713');
INSERT INTO book VALUES(656,'Book-658',1074.0,200,1,'2022-07-16 05:19:08.889750','2022-07-16 05:19:08.890116');
INSERT INTO book VALUES(657,'Book-659',1075.9999999999999999,200,1,'2022-07-16 05:19:08.899430','2022-07-16 05:19:08.899820');
INSERT INTO book VALUES(658,'Book-660',1077.9999999999999999,200,1,'2022-07-16 05:19:08.907118','2022-07-16 05:19:08.907343');
INSERT INTO book VALUES(659,'Book-661',1080.0,200,1,'2022-07-16 05:19:08.914110','2022-07-16 05:19:08.914291');
INSERT INTO book VALUES(660,'Book-662',1081.9999999999999999,200,1,'2022-07-16 05:19:08.921688','2022-07-16 05:19:08.921920');
INSERT INTO book VALUES(661,'Book-663',1084.0,200,1,'2022-07-16 05:19:08.928177','2022-07-16 05:19:08.928327');
INSERT INTO book VALUES(662,'Book-664',1085.9999999999999999,200,1,'2022-07-16 05:19:08.935970','2022-07-16 05:19:08.936124');
INSERT INTO book VALUES(663,'Book-665',1087.9999999999999999,200,1,'2022-07-16 05:19:08.941791','2022-07-16 05:19:08.941965');
INSERT INTO book VALUES(664,'Book-666',1090.0,200,1,'2022-07-16 05:19:08.946741','2022-07-16 05:19:08.946960');
INSERT INTO book VALUES(665,'Book-667',1091.9999999999999999,200,1,'2022-07-16 05:19:08.953213','2022-07-16 05:19:08.953363');
INSERT INTO book VALUES(666,'Book-668',1094.0,200,1,'2022-07-16 05:19:08.962417','2022-07-16 05:19:08.963001');
INSERT INTO book VALUES(667,'Book-669',1096.0,200,1,'2022-07-16 05:19:08.974820','2022-07-16 05:19:08.975344');
INSERT INTO book VALUES(668,'Book-670',1097.9999999999999999,200,1,'2022-07-16 05:19:08.983339','2022-07-16 05:19:08.983629');
INSERT INTO book VALUES(669,'Book-671',1100.0,200,1,'2022-07-16 05:19:08.992048','2022-07-16 05:19:08.992195');
INSERT INTO book VALUES(670,'Book-672',1101.9999999999999999,200,1,'2022-07-16 05:19:08.998505','2022-07-16 05:19:08.998677');
INSERT INTO book VALUES(671,'Book-673',1103.9999999999999999,200,1,'2022-07-16 05:19:09.004275','2022-07-16 05:19:09.004606');
INSERT INTO book VALUES(672,'Book-674',1106.0,200,1,'2022-07-16 05:19:09.012934','2022-07-16 05:19:09.013064');
INSERT INTO book VALUES(673,'Book-675',1107.9999999999999999,200,1,'2022-07-16 05:19:09.018516','2022-07-16 05:19:09.018652');
INSERT INTO book VALUES(674,'Book-676',1110.0,200,1,'2022-07-16 05:19:09.025709','2022-07-16 05:19:09.025861');
INSERT INTO book VALUES(675,'Book-677',1111.9999999999999999,200,1,'2022-07-16 05:19:09.032630','2022-07-16 05:19:09.033017');
INSERT INTO book VALUES(676,'Book-678',1113.9999999999999999,200,1,'2022-07-16 05:19:09.040663','2022-07-16 05:19:09.041193');
INSERT INTO book VALUES(677,'Book-679',1116.0,200,1,'2022-07-16 05:19:09.052254','2022-07-16 05:19:09.052790');
INSERT INTO book VALUES(678,'Book-680',1117.9999999999999999,200,1,'2022-07-16 05:19:09.061519','2022-07-16 05:19:09.062638');
INSERT INTO book VALUES(679,'Book-681',1120.0,200,1,'2022-07-16 05:19:09.070829','2022-07-16 05:19:09.071211');
INSERT INTO book VALUES(680,'Book-682',1122.0,200,1,'2022-07-16 05:19:09.080072','2022-07-16 05:19:09.080430');
INSERT INTO book VALUES(681,'Book-683',1123.9999999999999999,200,1,'2022-07-16 05:19:09.087642','2022-07-16 05:19:09.087815');
INSERT INTO book VALUES(682,'Book-684',1126.0,200,1,'2022-07-16 05:19:09.095023','2022-07-16 05:19:09.095183');
INSERT INTO book VALUES(683,'Book-685',1127.9999999999999999,200,1,'2022-07-16 05:19:09.101131','2022-07-16 05:19:09.101289');
INSERT INTO book VALUES(684,'Book-686',1129.9999999999999999,200,1,'2022-07-16 05:19:09.110422','2022-07-16 05:19:09.110818');
INSERT INTO book VALUES(685,'Book-687',1132.0,200,1,'2022-07-16 05:19:09.117420','2022-07-16 05:19:09.117691');
INSERT INTO book VALUES(686,'Book-688',1133.9999999999999999,200,1,'2022-07-16 05:19:09.125708','2022-07-16 05:19:09.125975');
INSERT INTO book VALUES(687,'Book-689',1136.0,200,1,'2022-07-16 05:19:09.134352','2022-07-16 05:19:09.134583');
INSERT INTO book VALUES(688,'Book-690',1138.0,200,1,'2022-07-16 05:19:09.141235','2022-07-16 05:19:09.141436');
INSERT INTO book VALUES(689,'Book-691',1139.9999999999999999,200,1,'2022-07-16 05:19:09.147767','2022-07-16 05:19:09.147918');
INSERT INTO book VALUES(690,'Book-692',1142.0,200,1,'2022-07-16 05:19:09.155640','2022-07-16 05:19:09.155775');
INSERT INTO book VALUES(691,'Book-693',1143.9999999999999999,200,1,'2022-07-16 05:19:09.161636','2022-07-16 05:19:09.161832');
INSERT INTO book VALUES(692,'Book-694',1146.0,200,1,'2022-07-16 05:19:09.169253','2022-07-16 05:19:09.169385');
INSERT INTO book VALUES(693,'Book-695',1148.0,200,1,'2022-07-16 05:19:09.175063','2022-07-16 05:19:09.175189');
INSERT INTO book VALUES(694,'Book-696',1149.9999999999999999,200,1,'2022-07-16 05:19:09.180786','2022-07-16 05:19:09.180926');
INSERT INTO book VALUES(695,'Book-697',1152.0,200,1,'2022-07-16 05:19:09.188703','2022-07-16 05:19:09.188852');
INSERT INTO book VALUES(696,'Book-698',1153.9999999999999999,200,1,'2022-07-16 05:19:09.194406','2022-07-16 05:19:09.194565');
INSERT INTO book VALUES(697,'Book-699',1155.9999999999999999,200,1,'2022-07-16 05:19:09.202461','2022-07-16 05:19:09.202612');
INSERT INTO book VALUES(698,'Book-700',1158.0,200,1,'2022-07-16 05:19:09.208961','2022-07-16 05:19:09.209094');
INSERT INTO book VALUES(699,'Book-701',1159.9999999999999999,200,1,'2022-07-16 05:19:09.215308','2022-07-16 05:19:09.215451');
INSERT INTO book VALUES(700,'Book-702',1162.0,200,1,'2022-07-16 05:19:09.222972','2022-07-16 05:19:09.223176');
INSERT INTO book VALUES(701,'Book-703',1164.0,200,1,'2022-07-16 05:19:09.229770','2022-07-16 05:19:09.229934');
INSERT INTO book VALUES(702,'Book-704',1165.9999999999999999,200,1,'2022-07-16 05:19:09.239301','2022-07-16 05:19:09.239682');
INSERT INTO book VALUES(703,'Book-705',1168.0,200,1,'2022-07-16 05:19:09.249983','2022-07-16 05:19:09.250571');
INSERT INTO book VALUES(704,'Book-706',1169.9999999999999999,200,1,'2022-07-16 05:19:09.260800','2022-07-16 05:19:09.261196');
INSERT INTO book VALUES(705,'Book-707',1172.0,200,1,'2022-07-16 05:19:09.268790','2022-07-16 05:19:09.269077');
INSERT INTO book VALUES(706,'Book-708',1174.0,200,1,'2022-07-16 05:19:09.277691','2022-07-16 05:19:09.278077');
INSERT INTO book VALUES(707,'Book-709',1175.9999999999999999,200,1,'2022-07-16 05:19:09.283973','2022-07-16 05:19:09.284111');
INSERT INTO book VALUES(708,'Book-710',1178.0,200,1,'2022-07-16 05:19:09.290135','2022-07-16 05:19:09.290257');
INSERT INTO book VALUES(709,'Book-711',1179.9999999999999999,200,1,'2022-07-16 05:19:09.299037','2022-07-16 05:19:09.299471');
INSERT INTO book VALUES(710,'Book-712',1181.9999999999999999,200,1,'2022-07-16 05:19:09.308528','2022-07-16 05:19:09.308928');
INSERT INTO book VALUES(711,'Book-713',1184.0,200,1,'2022-07-16 05:19:09.316747','2022-07-16 05:19:09.317189');
INSERT INTO book VALUES(712,'Book-714',1185.9999999999999999,200,1,'2022-07-16 05:19:09.326911','2022-07-16 05:19:09.327192');
INSERT INTO book VALUES(713,'Book-715',1188.0,200,1,'2022-07-16 05:19:09.334047','2022-07-16 05:19:09.334222');
INSERT INTO book VALUES(714,'Book-716',1190.0,200,1,'2022-07-16 05:19:09.341932','2022-07-16 05:19:09.342082');
INSERT INTO book VALUES(715,'Book-717',1191.9999999999999999,200,1,'2022-07-16 05:19:09.346624','2022-07-16 05:19:09.346872');
INSERT INTO book VALUES(716,'Book-718',1194.0,200,1,'2022-07-16 05:19:09.352990','2022-07-16 05:19:09.353146');
INSERT INTO book VALUES(717,'Book-719',1195.9999999999999999,200,1,'2022-07-16 05:19:09.360392','2022-07-16 05:19:09.360539');
INSERT INTO book VALUES(718,'Book-720',1198.0,200,1,'2022-07-16 05:19:09.366417','2022-07-16 05:19:09.366549');
INSERT INTO book VALUES(719,'Book-721',1200.0,200,1,'2022-07-16 05:19:09.373666','2022-07-16 05:19:09.373793');
INSERT INTO book VALUES(720,'Book-722',1201.9999999999999999,200,1,'2022-07-16 05:19:09.379542','2022-07-16 05:19:09.379661');
INSERT INTO book VALUES(721,'Book-723',1204.0,200,1,'2022-07-16 05:19:09.385015','2022-07-16 05:19:09.385144');
INSERT INTO book VALUES(722,'Book-724',1205.9999999999999999,200,1,'2022-07-16 05:19:09.393552','2022-07-16 05:19:09.394052');
INSERT INTO book VALUES(723,'Book-725',1207.9999999999999999,200,1,'2022-07-16 05:19:09.401785','2022-07-16 05:19:09.402244');
INSERT INTO book VALUES(724,'Book-726',1210.0,200,1,'2022-07-16 05:19:09.409985','2022-07-16 05:19:09.410528');
INSERT INTO book VALUES(725,'Book-727',1211.9999999999999999,200,1,'2022-07-16 05:19:09.419274','2022-07-16 05:19:09.419808');
INSERT INTO book VALUES(726,'Book-728',1214.0,200,1,'2022-07-16 05:19:09.428734','2022-07-16 05:19:09.429296');
INSERT INTO book VALUES(727,'Book-729',1216.0,200,1,'2022-07-16 05:19:09.437721','2022-07-16 05:19:09.438060');
INSERT INTO book VALUES(728,'Book-730',1217.9999999999999999,200,1,'2022-07-16 05:19:09.446345','2022-07-16 05:19:09.446602');
INSERT INTO book VALUES(729,'Book-731',1220.0,200,1,'2022-07-16 05:19:09.452273','2022-07-16 05:19:09.452447');
INSERT INTO book VALUES(730,'Book-732',1221.9999999999999999,200,1,'2022-07-16 05:19:09.459971','2022-07-16 05:19:09.460207');
INSERT INTO book VALUES(731,'Book-733',1224.0,200,1,'2022-07-16 05:19:09.466439','2022-07-16 05:19:09.466605');
INSERT INTO book VALUES(732,'Book-734',1226.0,200,1,'2022-07-16 05:19:09.472426','2022-07-16 05:19:09.472560');
INSERT INTO book VALUES(733,'Book-735',1227.9999999999999999,200,1,'2022-07-16 05:19:09.480002','2022-07-16 05:19:09.480134');
INSERT INTO book VALUES(734,'Book-736',1230.0,200,1,'2022-07-16 05:19:09.485490','2022-07-16 05:19:09.485631');
INSERT INTO book VALUES(735,'Book-737',1231.9999999999999999,200,1,'2022-07-16 05:19:09.493207','2022-07-16 05:19:09.493396');
INSERT INTO book VALUES(736,'Book-738',1233.9999999999999999,200,1,'2022-07-16 05:19:09.499334','2022-07-16 05:19:09.499473');
INSERT INTO book VALUES(737,'Book-739',1236.0,200,1,'2022-07-16 05:19:09.505376','2022-07-16 05:19:09.505520');
INSERT INTO book VALUES(738,'Book-740',1237.9999999999999999,200,1,'2022-07-16 05:19:09.513641','2022-07-16 05:19:09.514073');
INSERT INTO book VALUES(739,'Book-741',1240.0,200,1,'2022-07-16 05:19:09.522199','2022-07-16 05:19:09.522717');
INSERT INTO book VALUES(740,'Book-742',1242.0,200,1,'2022-07-16 05:19:09.530514','2022-07-16 05:19:09.530949');
INSERT INTO book VALUES(741,'Book-743',1243.9999999999999999,200,1,'2022-07-16 05:19:09.541664','2022-07-16 05:19:09.542109');
INSERT INTO book VALUES(742,'Book-744',1246.0,200,1,'2022-07-16 05:19:09.551005','2022-07-16 05:19:09.551439');
INSERT INTO book VALUES(743,'Book-745',1247.9999999999999999,200,1,'2022-07-16 05:19:09.562129','2022-07-16 05:19:09.562532');
INSERT INTO book VALUES(744,'Book-746',1250.0,200,1,'2022-07-16 05:19:09.572196','2022-07-16 05:19:09.572472');
INSERT INTO book VALUES(745,'Book-747',1252.0,200,1,'2022-07-16 05:19:09.580557','2022-07-16 05:19:09.581014');
INSERT INTO book VALUES(746,'Book-748',1253.9999999999999999,200,1,'2022-07-16 05:19:09.588001','2022-07-16 05:19:09.588187');
INSERT INTO book VALUES(747,'Book-749',1256.0,200,1,'2022-07-16 05:19:09.594362','2022-07-16 05:19:09.594533');
INSERT INTO book VALUES(748,'Book-750',1257.9999999999999999,200,1,'2022-07-16 05:19:09.602222','2022-07-16 05:19:09.602381');
INSERT INTO book VALUES(749,'Book-751',1259.9999999999999999,200,1,'2022-07-16 05:19:09.607087','2022-07-16 05:19:09.607241');
INSERT INTO book VALUES(750,'Book-752',1262.0,200,1,'2022-07-16 05:19:09.615298','2022-07-16 05:19:09.615684');
INSERT INTO book VALUES(751,'Book-753',1263.9999999999999999,200,1,'2022-07-16 05:19:09.623337','2022-07-16 05:19:09.623745');
INSERT INTO book VALUES(752,'Book-754',1266.0,200,1,'2022-07-16 05:19:09.633208','2022-07-16 05:19:09.633767');
INSERT INTO book VALUES(753,'Book-755',1268.0,200,1,'2022-07-16 05:19:09.645736','2022-07-16 05:19:09.646398');
INSERT INTO book VALUES(754,'Book-756',1269.9999999999999999,200,1,'2022-07-16 05:19:09.657495','2022-07-16 05:19:09.658069');
INSERT INTO book VALUES(755,'Book-757',1272.0,200,1,'2022-07-16 05:19:09.667634','2022-07-16 05:19:09.668264');
INSERT INTO book VALUES(756,'Book-758',1273.9999999999999999,200,1,'2022-07-16 05:19:09.680132','2022-07-16 05:19:09.680695');
INSERT INTO book VALUES(757,'Book-759',1275.9999999999999999,200,1,'2022-07-16 05:19:09.693078','2022-07-16 05:19:09.693584');
INSERT INTO book VALUES(758,'Book-760',1278.0,200,1,'2022-07-16 05:19:09.703751','2022-07-16 05:19:09.704604');
INSERT INTO book VALUES(759,'Book-761',1279.9999999999999999,200,1,'2022-07-16 05:19:09.714355','2022-07-16 05:19:09.714582');
INSERT INTO book VALUES(760,'Book-762',1282.0,200,1,'2022-07-16 05:19:09.719407','2022-07-16 05:19:09.719589');
INSERT INTO book VALUES(761,'Book-763',1283.9999999999999999,200,1,'2022-07-16 05:19:09.725549','2022-07-16 05:19:09.725733');
INSERT INTO book VALUES(762,'Book-764',1285.9999999999999999,200,1,'2022-07-16 05:19:09.734433','2022-07-16 05:19:09.734649');
INSERT INTO book VALUES(763,'Book-765',1288.0,200,1,'2022-07-16 05:19:09.740318','2022-07-16 05:19:09.740454');
INSERT INTO book VALUES(764,'Book-766',1289.9999999999999999,200,1,'2022-07-16 05:19:09.747827','2022-07-16 05:19:09.747963');
INSERT INTO book VALUES(765,'Book-767',1292.0,200,1,'2022-07-16 05:19:09.754013','2022-07-16 05:19:09.754145');
INSERT INTO book VALUES(766,'Book-768',1294.0,200,1,'2022-07-16 05:19:09.760187','2022-07-16 05:19:09.760323');
INSERT INTO book VALUES(767,'Book-769',1295.9999999999999999,200,1,'2022-07-16 05:19:09.766478','2022-07-16 05:19:09.766670');
INSERT INTO book VALUES(768,'Book-770',1298.0,200,1,'2022-07-16 05:19:09.774155','2022-07-16 05:19:09.774288');
INSERT INTO book VALUES(769,'Book-771',1299.9999999999999999,200,1,'2022-07-16 05:19:09.780937','2022-07-16 05:19:09.781316');
INSERT INTO book VALUES(770,'Book-772',1301.9999999999999999,200,1,'2022-07-16 05:19:09.789370','2022-07-16 05:19:09.789956');
INSERT INTO book VALUES(771,'Book-773',1304.0,200,1,'2022-07-16 05:19:09.800882','2022-07-16 05:19:09.801272');
INSERT INTO book VALUES(772,'Book-774',1305.9999999999999999,200,1,'2022-07-16 05:19:09.809945','2022-07-16 05:19:09.810404');
INSERT INTO book VALUES(773,'Book-775',1308.0,200,1,'2022-07-16 05:19:09.818695','2022-07-16 05:19:09.819253');
INSERT INTO book VALUES(774,'Book-776',1309.9999999999999999,200,1,'2022-07-16 05:19:09.829049','2022-07-16 05:19:09.829460');
INSERT INTO book VALUES(775,'Book-777',1311.9999999999999999,200,1,'2022-07-16 05:19:09.837366','2022-07-16 05:19:09.837775');
INSERT INTO book VALUES(776,'Book-778',1314.0,200,1,'2022-07-16 05:19:09.845374','2022-07-16 05:19:09.845753');
INSERT INTO book VALUES(777,'Book-779',1315.9999999999999999,200,1,'2022-07-16 05:19:09.855047','2022-07-16 05:19:09.855429');
INSERT INTO book VALUES(778,'Book-780',1318.0,200,1,'2022-07-16 05:19:09.864738','2022-07-16 05:19:09.865325');
INSERT INTO book VALUES(779,'Book-781',1320.0,200,1,'2022-07-16 05:19:09.874020','2022-07-16 05:19:09.874544');
INSERT INTO book VALUES(780,'Book-782',1321.9999999999999999,200,1,'2022-07-16 05:19:09.881718','2022-07-16 05:19:09.882052');
INSERT INTO book VALUES(781,'Book-783',1324.0,200,1,'2022-07-16 05:19:09.891177','2022-07-16 05:19:09.891384');
INSERT INTO book VALUES(782,'Book-784',1325.9999999999999999,200,1,'2022-07-16 05:19:09.898210','2022-07-16 05:19:09.898453');
INSERT INTO book VALUES(783,'Book-785',1327.9999999999999999,200,1,'2022-07-16 05:19:09.906029','2022-07-16 05:19:09.906438');
INSERT INTO book VALUES(784,'Book-786',1330.0,200,1,'2022-07-16 05:19:09.916078','2022-07-16 05:19:09.916466');
INSERT INTO book VALUES(785,'Book-787',1331.9999999999999999,200,1,'2022-07-16 05:19:09.923559','2022-07-16 05:19:09.923843');
INSERT INTO book VALUES(786,'Book-788',1334.0,200,1,'2022-07-16 05:19:09.930846','2022-07-16 05:19:09.931114');
INSERT INTO book VALUES(787,'Book-789',1335.9999999999999999,200,1,'2022-07-16 05:19:09.939165','2022-07-16 05:19:09.939375');
INSERT INTO book VALUES(788,'Book-790',1337.9999999999999999,200,1,'2022-07-16 05:19:09.945870','2022-07-16 05:19:09.946287');
INSERT INTO book VALUES(789,'Book-791',1340.0,200,1,'2022-07-16 05:19:09.954231','2022-07-16 05:19:09.954386');
INSERT INTO book VALUES(790,'Book-792',1341.9999999999999999,200,1,'2022-07-16 05:19:09.961976','2022-07-16 05:19:09.962519');
INSERT INTO book VALUES(791,'Book-793',1344.0,200,1,'2022-07-16 05:19:09.973314','2022-07-16 05:19:09.973725');
INSERT INTO book VALUES(792,'Book-794',1346.0,200,1,'2022-07-16 05:19:09.981973','2022-07-16 05:19:09.982609');
INSERT INTO book VALUES(793,'Book-795',1347.9999999999999999,200,1,'2022-07-16 05:19:09.991210','2022-07-16 05:19:09.991818');
INSERT INTO book VALUES(794,'Book-796',1350.0,200,1,'2022-07-16 05:19:10.004225','2022-07-16 05:19:10.004768');
INSERT INTO book VALUES(795,'Book-797',1351.9999999999999999,200,1,'2022-07-16 05:19:10.015678','2022-07-16 05:19:10.016103');
INSERT INTO book VALUES(796,'Book-798',1353.9999999999999999,200,1,'2022-07-16 05:19:10.024039','2022-07-16 05:19:10.024436');
INSERT INTO book VALUES(797,'Book-799',1356.0,200,1,'2022-07-16 05:19:10.035155','2022-07-16 05:19:10.035702');
INSERT INTO book VALUES(798,'Book-800',1357.9999999999999999,200,1,'2022-07-16 05:19:10.045782','2022-07-16 05:19:10.046249');
INSERT INTO book VALUES(799,'Book-801',1360.0,200,1,'2022-07-16 05:19:10.054442','2022-07-16 05:19:10.054845');
INSERT INTO book VALUES(800,'Book-802',1361.9999999999999999,200,1,'2022-07-16 05:19:10.064525','2022-07-16 05:19:10.065151');
INSERT INTO book VALUES(801,'Book-803',1363.9999999999999999,200,1,'2022-07-16 05:19:10.076208','2022-07-16 05:19:10.076675');
INSERT INTO book VALUES(802,'Book-804',1366.0,200,1,'2022-07-16 05:19:10.084537','2022-07-16 05:19:10.084871');
INSERT INTO book VALUES(803,'Book-805',1367.9999999999999999,200,1,'2022-07-16 05:19:10.094749','2022-07-16 05:19:10.095187');
INSERT INTO book VALUES(804,'Book-806',1370.0,200,1,'2022-07-16 05:19:10.103212','2022-07-16 05:19:10.103387');
INSERT INTO book VALUES(805,'Book-807',1372.0,200,1,'2022-07-16 05:19:10.111661','2022-07-16 05:19:10.111841');
INSERT INTO book VALUES(806,'Book-808',1373.9999999999999999,200,1,'2022-07-16 05:19:10.118392','2022-07-16 05:19:10.118616');
INSERT INTO book VALUES(807,'Book-809',1376.0,200,1,'2022-07-16 05:19:10.126739','2022-07-16 05:19:10.126882');
INSERT INTO book VALUES(808,'Book-810',1377.9999999999999999,200,1,'2022-07-16 05:19:10.133058','2022-07-16 05:19:10.133330');
INSERT INTO book VALUES(809,'Book-811',1379.9999999999999999,200,1,'2022-07-16 05:19:10.143732','2022-07-16 05:19:10.143877');
INSERT INTO book VALUES(810,'Book-812',1382.0,200,1,'2022-07-16 05:19:10.154190','2022-07-16 05:19:10.154330');
INSERT INTO book VALUES(811,'Book-813',1383.9999999999999999,200,1,'2022-07-16 05:19:10.159939','2022-07-16 05:19:10.160111');
INSERT INTO book VALUES(812,'Book-814',1386.0,200,1,'2022-07-16 05:19:10.168253','2022-07-16 05:19:10.168520');
INSERT INTO book VALUES(813,'Book-815',1388.0,200,1,'2022-07-16 05:19:10.174217','2022-07-16 05:19:10.174405');
INSERT INTO book VALUES(814,'Book-816',1389.9999999999999999,200,1,'2022-07-16 05:19:10.182348','2022-07-16 05:19:10.182497');
INSERT INTO book VALUES(815,'Book-817',1392.0,200,1,'2022-07-16 05:19:10.189056','2022-07-16 05:19:10.189196');
INSERT INTO book VALUES(816,'Book-818',1393.9999999999999999,200,1,'2022-07-16 05:19:10.195383','2022-07-16 05:19:10.195576');
INSERT INTO book VALUES(817,'Book-819',1396.0,200,1,'2022-07-16 05:19:10.203254','2022-07-16 05:19:10.203800');
INSERT INTO book VALUES(818,'Book-820',1398.0,200,1,'2022-07-16 05:19:10.212466','2022-07-16 05:19:10.212868');
INSERT INTO book VALUES(819,'Book-821',1399.9999999999999999,200,1,'2022-07-16 05:19:10.222956','2022-07-16 05:19:10.223335');
INSERT INTO book VALUES(820,'Book-822',1402.0,200,1,'2022-07-16 05:19:10.231776','2022-07-16 05:19:10.232224');
INSERT INTO book VALUES(821,'Book-823',1403.9999999999999999,200,1,'2022-07-16 05:19:10.239772','2022-07-16 05:19:10.240157');
INSERT INTO book VALUES(822,'Book-824',1405.9999999999999999,200,1,'2022-07-16 05:19:10.250995','2022-07-16 05:19:10.251421');
INSERT INTO book VALUES(823,'Book-825',1408.0,200,1,'2022-07-16 05:19:10.258795','2022-07-16 05:19:10.259197');
INSERT INTO book VALUES(824,'Book-826',1409.9999999999999999,200,1,'2022-07-16 05:19:10.267510','2022-07-16 05:19:10.268429');
INSERT INTO book VALUES(825,'Book-827',1411.9999999999999999,200,1,'2022-07-16 05:19:10.281314','2022-07-16 05:19:10.282143');
INSERT INTO book VALUES(826,'Book-828',1414.0,200,1,'2022-07-16 05:19:10.291336','2022-07-16 05:19:10.291665');
INSERT INTO book VALUES(827,'Book-829',1415.9999999999999999,200,1,'2022-07-16 05:19:10.301519','2022-07-16 05:19:10.301767');
INSERT INTO book VALUES(828,'Book-830',1418.0,200,1,'2022-07-16 05:19:10.308628','2022-07-16 05:19:10.308864');
INSERT INTO book VALUES(829,'Book-831',1419.9999999999999999,200,1,'2022-07-16 05:19:10.316383','2022-07-16 05:19:10.316621');
INSERT INTO book VALUES(830,'Book-832',1422.0,200,1,'2022-07-16 05:19:10.324227','2022-07-16 05:19:10.324405');
INSERT INTO book VALUES(831,'Book-833',1424.0,200,1,'2022-07-16 05:19:10.330583','2022-07-16 05:19:10.330747');
INSERT INTO book VALUES(832,'Book-834',1425.9999999999999999,200,1,'2022-07-16 05:19:10.337404','2022-07-16 05:19:10.337561');
INSERT INTO book VALUES(833,'Book-835',1428.0,200,1,'2022-07-16 05:19:10.343574','2022-07-16 05:19:10.343757');
INSERT INTO book VALUES(834,'Book-836',1429.9999999999999999,200,1,'2022-07-16 05:19:10.349947','2022-07-16 05:19:10.350104');
INSERT INTO book VALUES(835,'Book-837',1431.9999999999999999,200,1,'2022-07-16 05:19:10.358593','2022-07-16 05:19:10.358813');
INSERT INTO book VALUES(836,'Book-838',1434.0,200,1,'2022-07-16 05:19:10.366394','2022-07-16 05:19:10.366922');
INSERT INTO book VALUES(837,'Book-839',1435.9999999999999999,200,1,'2022-07-16 05:19:10.392375','2022-07-16 05:19:10.392934');
INSERT INTO book VALUES(838,'Book-840',1438.0,200,1,'2022-07-16 05:19:10.402555','2022-07-16 05:19:10.402954');
INSERT INTO book VALUES(839,'Book-841',1440.0,200,1,'2022-07-16 05:19:10.410920','2022-07-16 05:19:10.411478');
INSERT INTO book VALUES(840,'Book-842',1442.0,200,1,'2022-07-16 05:19:10.424563','2022-07-16 05:19:10.425106');
INSERT INTO book VALUES(841,'Book-843',1444.0,200,1,'2022-07-16 05:19:10.436808','2022-07-16 05:19:10.437360');
INSERT INTO book VALUES(842,'Book-844',1445.9999999999999999,200,1,'2022-07-16 05:19:10.447238','2022-07-16 05:19:10.447667');
INSERT INTO book VALUES(843,'Book-845',1448.0,200,1,'2022-07-16 05:19:10.459654','2022-07-16 05:19:10.460236');
INSERT INTO book VALUES(844,'Book-846',1450.0,200,1,'2022-07-16 05:19:10.469738','2022-07-16 05:19:10.470338');
INSERT INTO book VALUES(845,'Book-847',1451.9999999999999999,200,1,'2022-07-16 05:19:10.479252','2022-07-16 05:19:10.480060');
INSERT INTO book VALUES(846,'Book-848',1453.9999999999999999,200,1,'2022-07-16 05:19:10.492057','2022-07-16 05:19:10.492355');
INSERT INTO book VALUES(847,'Book-849',1455.9999999999999999,200,1,'2022-07-16 05:19:10.499334','2022-07-16 05:19:10.499553');
INSERT INTO book VALUES(848,'Book-850',1457.9999999999999999,200,1,'2022-07-16 05:19:10.507870','2022-07-16 05:19:10.508086');
INSERT INTO book VALUES(849,'Book-851',1460.0,200,1,'2022-07-16 05:19:10.514614','2022-07-16 05:19:10.514827');
INSERT INTO book VALUES(850,'Book-852',1461.9999999999999999,200,1,'2022-07-16 05:19:10.521513','2022-07-16 05:19:10.521709');
INSERT INTO book VALUES(851,'Book-853',1464.0,200,1,'2022-07-16 05:19:10.528628','2022-07-16 05:19:10.528906');
INSERT INTO book VALUES(852,'Book-854',1466.0,200,1,'2022-07-16 05:19:10.534240','2022-07-16 05:19:10.534419');
INSERT INTO book VALUES(853,'Book-855',1467.9999999999999999,200,1,'2022-07-16 05:19:10.539140','2022-07-16 05:19:10.539335');
INSERT INTO book VALUES(854,'Book-856',1470.0,200,1,'2022-07-16 05:19:10.545265','2022-07-16 05:19:10.545619');
INSERT INTO book VALUES(855,'Book-857',1471.9999999999999999,200,1,'2022-07-16 05:19:10.555589','2022-07-16 05:19:10.555885');
INSERT INTO book VALUES(856,'Book-858',1473.9999999999999999,200,1,'2022-07-16 05:19:10.561655','2022-07-16 05:19:10.561832');
INSERT INTO book VALUES(857,'Book-859',1476.0,200,1,'2022-07-16 05:19:10.569518','2022-07-16 05:19:10.569718');
INSERT INTO book VALUES(858,'Book-860',1477.9999999999999999,200,1,'2022-07-16 05:19:10.575847','2022-07-16 05:19:10.576047');
INSERT INTO book VALUES(859,'Book-861',1480.0,200,1,'2022-07-16 05:19:10.582437','2022-07-16 05:19:10.582587');
INSERT INTO book VALUES(860,'Book-862',1481.9999999999999999,200,1,'2022-07-16 05:19:10.588140','2022-07-16 05:19:10.588289');
INSERT INTO book VALUES(861,'Book-863',1484.0,200,1,'2022-07-16 05:19:10.595404','2022-07-16 05:19:10.595555');
INSERT INTO book VALUES(862,'Book-864',1486.0,200,1,'2022-07-16 05:19:10.601230','2022-07-16 05:19:10.601608');
INSERT INTO book VALUES(863,'Book-865',1487.9999999999999999,200,1,'2022-07-16 05:19:10.608264','2022-07-16 05:19:10.608765');
INSERT INTO book VALUES(864,'Book-866',1490.0,200,1,'2022-07-16 05:19:10.619679','2022-07-16 05:19:10.620068');
INSERT INTO book VALUES(865,'Book-867',1492.0,200,1,'2022-07-16 05:19:10.627682','2022-07-16 05:19:10.628066');
INSERT INTO book VALUES(866,'Book-868',1493.9999999999999999,200,1,'2022-07-16 05:19:10.635859','2022-07-16 05:19:10.636396');
INSERT INTO book VALUES(867,'Book-869',1496.0,200,1,'2022-07-16 05:19:10.646037','2022-07-16 05:19:10.646472');
INSERT INTO book VALUES(868,'Book-870',1497.9999999999999999,200,1,'2022-07-16 05:19:10.653558','2022-07-16 05:19:10.653901');
INSERT INTO book VALUES(869,'Book-871',1500.0,200,1,'2022-07-16 05:19:10.660569','2022-07-16 05:19:10.660794');
INSERT INTO book VALUES(870,'Book-872',1502.0,200,1,'2022-07-16 05:19:10.668775','2022-07-16 05:19:10.668991');
INSERT INTO book VALUES(871,'Book-873',1503.9999999999999999,200,1,'2022-07-16 05:19:10.675455','2022-07-16 05:19:10.675679');
INSERT INTO book VALUES(872,'Book-874',1506.0,200,1,'2022-07-16 05:19:10.682252','2022-07-16 05:19:10.682424');
INSERT INTO book VALUES(873,'Book-875',1507.9999999999999999,200,1,'2022-07-16 05:19:10.689499','2022-07-16 05:19:10.689644');
INSERT INTO book VALUES(874,'Book-876',1509.9999999999999999,200,1,'2022-07-16 05:19:10.695669','2022-07-16 05:19:10.695809');
INSERT INTO book VALUES(875,'Book-877',1512.0,200,1,'2022-07-16 05:19:10.703611','2022-07-16 05:19:10.704028');
INSERT INTO book VALUES(876,'Book-878',1513.9999999999999999,200,1,'2022-07-16 05:19:10.710296','2022-07-16 05:19:10.710488');
INSERT INTO book VALUES(877,'Book-879',1515.9999999999999999,200,1,'2022-07-16 05:19:10.718123','2022-07-16 05:19:10.718266');
INSERT INTO book VALUES(878,'Book-880',1518.0,200,1,'2022-07-16 05:19:10.724807','2022-07-16 05:19:10.725318');
INSERT INTO book VALUES(879,'Book-881',1519.9999999999999999,200,1,'2022-07-16 05:19:10.733281','2022-07-16 05:19:10.733840');
INSERT INTO book VALUES(880,'Book-882',1522.0,200,1,'2022-07-16 05:19:10.744867','2022-07-16 05:19:10.745430');
INSERT INTO book VALUES(881,'Book-883',1523.9999999999999999,200,1,'2022-07-16 05:19:10.753274','2022-07-16 05:19:10.753659');
INSERT INTO book VALUES(882,'Book-884',1526.0,200,1,'2022-07-16 05:19:10.761898','2022-07-16 05:19:10.762294');
INSERT INTO book VALUES(883,'Book-885',1528.0,200,1,'2022-07-16 05:19:10.773381','2022-07-16 05:19:10.773774');
INSERT INTO book VALUES(884,'Book-886',1529.9999999999999999,200,1,'2022-07-16 05:19:10.782518','2022-07-16 05:19:10.782912');
INSERT INTO book VALUES(885,'Book-887',1532.0,200,1,'2022-07-16 05:19:10.790668','2022-07-16 05:19:10.791194');
INSERT INTO book VALUES(886,'Book-888',1533.9999999999999999,200,1,'2022-07-16 05:19:10.800321','2022-07-16 05:19:10.800839');
INSERT INTO book VALUES(887,'Book-889',1535.9999999999999999,200,1,'2022-07-16 05:19:10.808619','2022-07-16 05:19:10.809139');
INSERT INTO book VALUES(888,'Book-890',1538.0,200,1,'2022-07-16 05:19:10.818221','2022-07-16 05:19:10.818730');
INSERT INTO book VALUES(889,'Book-891',1539.9999999999999999,200,1,'2022-07-16 05:19:10.828836','2022-07-16 05:19:10.829436');
INSERT INTO book VALUES(890,'Book-892',1542.0,200,1,'2022-07-16 05:19:10.837004','2022-07-16 05:19:10.837373');
INSERT INTO book VALUES(891,'Book-893',1544.0,200,1,'2022-07-16 05:19:10.844934','2022-07-16 05:19:10.845242');
INSERT INTO book VALUES(892,'Book-894',1546.0,200,1,'2022-07-16 05:19:10.853897','2022-07-16 05:19:10.854182');
INSERT INTO book VALUES(893,'Book-895',1548.0,200,1,'2022-07-16 05:19:10.860681','2022-07-16 05:19:10.860894');
INSERT INTO book VALUES(894,'Book-896',1549.9999999999999999,200,1,'2022-07-16 05:19:10.866240','2022-07-16 05:19:10.866759');
INSERT INTO book VALUES(895,'Book-897',1551.9999999999999999,200,1,'2022-07-16 05:19:10.874846','2022-07-16 05:19:10.875167');
INSERT INTO book VALUES(896,'Book-898',1554.0,200,1,'2022-07-16 05:19:10.882775','2022-07-16 05:19:10.883042');
INSERT INTO book VALUES(897,'Book-899',1555.9999999999999999,200,1,'2022-07-16 05:19:10.890929','2022-07-16 05:19:10.891138');
INSERT INTO book VALUES(898,'Book-900',1557.9999999999999999,200,1,'2022-07-16 05:19:10.897914','2022-07-16 05:19:10.898194');
INSERT INTO book VALUES(899,'Book-901',1559.9999999999999999,200,1,'2022-07-16 05:19:10.906903','2022-07-16 05:19:10.907115');
INSERT INTO book VALUES(900,'Book-902',1561.9999999999999999,200,1,'2022-07-16 05:19:10.914049','2022-07-16 05:19:10.914277');
INSERT INTO book VALUES(901,'Book-903',1564.0,200,1,'2022-07-16 05:19:10.921373','2022-07-16 05:19:10.921656');
INSERT INTO book VALUES(902,'Book-904',1565.9999999999999999,200,1,'2022-07-16 05:19:10.928486','2022-07-16 05:19:10.928712');
INSERT INTO book VALUES(903,'Book-905',1568.0,200,1,'2022-07-16 05:19:10.936558','2022-07-16 05:19:10.936851');
INSERT INTO book VALUES(904,'Book-906',1570.0,200,1,'2022-07-16 05:19:10.945493','2022-07-16 05:19:10.945778');
INSERT INTO book VALUES(905,'Book-907',1571.9999999999999999,200,1,'2022-07-16 05:19:10.951105','2022-07-16 05:19:10.951315');
INSERT INTO book VALUES(906,'Book-908',1574.0,200,1,'2022-07-16 05:19:10.958048','2022-07-16 05:19:10.958371');
INSERT INTO book VALUES(907,'Book-909',1575.9999999999999999,200,1,'2022-07-16 05:19:10.966640','2022-07-16 05:19:10.966853');
INSERT INTO book VALUES(908,'Book-910',1577.9999999999999999,200,1,'2022-07-16 05:19:10.973040','2022-07-16 05:19:10.973253');
INSERT INTO book VALUES(909,'Book-911',1580.0,200,1,'2022-07-16 05:19:10.982088','2022-07-16 05:19:10.982321');
INSERT INTO book VALUES(910,'Book-912',1581.9999999999999999,200,1,'2022-07-16 05:19:10.989572','2022-07-16 05:19:10.989782');
INSERT INTO book VALUES(911,'Book-913',1584.0,200,1,'2022-07-16 05:19:10.996594','2022-07-16 05:19:10.996855');
INSERT INTO book VALUES(912,'Book-914',1585.9999999999999999,200,1,'2022-07-16 05:19:11.005896','2022-07-16 05:19:11.006185');
INSERT INTO book VALUES(913,'Book-915',1588.0,200,1,'2022-07-16 05:19:11.013717','2022-07-16 05:19:11.013969');
INSERT INTO book VALUES(914,'Book-916',1590.0,200,1,'2022-07-16 05:19:11.019770','2022-07-16 05:19:11.020043');
INSERT INTO book VALUES(915,'Book-917',1591.9999999999999999,200,1,'2022-07-16 05:19:11.028331','2022-07-16 05:19:11.028565');
INSERT INTO book VALUES(916,'Book-918',1594.0,200,1,'2022-07-16 05:19:11.035156','2022-07-16 05:19:11.035396');
INSERT INTO book VALUES(917,'Book-919',1596.0,200,1,'2022-07-16 05:19:11.044061','2022-07-16 05:19:11.044391');
INSERT INTO book VALUES(918,'Book-920',1597.9999999999999999,200,1,'2022-07-16 05:19:11.051580','2022-07-16 05:19:11.051803');
INSERT INTO book VALUES(919,'Book-921',1600.0,200,1,'2022-07-16 05:19:11.060526','2022-07-16 05:19:11.060842');
INSERT INTO book VALUES(920,'Book-922',1601.9999999999999999,200,1,'2022-07-16 05:19:11.066561','2022-07-16 05:19:11.066791');
INSERT INTO book VALUES(921,'Book-923',1603.9999999999999999,200,1,'2022-07-16 05:19:11.072268','2022-07-16 05:19:11.072696');
INSERT INTO book VALUES(922,'Book-924',1606.0,200,1,'2022-07-16 05:19:11.079059','2022-07-16 05:19:11.079655');
INSERT INTO book VALUES(923,'Book-925',1607.9999999999999999,200,1,'2022-07-16 05:19:11.086265','2022-07-16 05:19:11.086474');
INSERT INTO book VALUES(924,'Book-926',1610.0,200,1,'2022-07-16 05:19:11.092946','2022-07-16 05:19:11.093236');
INSERT INTO book VALUES(925,'Book-927',1611.9999999999999999,200,1,'2022-07-16 05:19:11.101461','2022-07-16 05:19:11.101676');
INSERT INTO book VALUES(926,'Book-928',1613.9999999999999999,200,1,'2022-07-16 05:19:11.106854','2022-07-16 05:19:11.107073');
INSERT INTO book VALUES(927,'Book-929',1616.0,200,1,'2022-07-16 05:19:11.114184','2022-07-16 05:19:11.114405');
INSERT INTO book VALUES(928,'Book-930',1617.9999999999999999,200,1,'2022-07-16 05:19:11.122146','2022-07-16 05:19:11.122425');
INSERT INTO book VALUES(929,'Book-931',1619.9999999999999999,200,1,'2022-07-16 05:19:11.129145','2022-07-16 05:19:11.129419');
INSERT INTO book VALUES(930,'Book-932',1622.0,200,1,'2022-07-16 05:19:11.136707','2022-07-16 05:19:11.137002');
INSERT INTO book VALUES(931,'Book-933',1623.9999999999999999,200,1,'2022-07-16 05:19:11.143859','2022-07-16 05:19:11.144098');
INSERT INTO book VALUES(932,'Book-934',1626.0,200,1,'2022-07-16 05:19:11.150740','2022-07-16 05:19:11.150949');
INSERT INTO book VALUES(933,'Book-935',1627.9999999999999999,200,1,'2022-07-16 05:19:11.160679','2022-07-16 05:19:11.161065');
INSERT INTO book VALUES(934,'Book-936',1630.0,200,1,'2022-07-16 05:19:11.169255','2022-07-16 05:19:11.169708');
INSERT INTO book VALUES(935,'Book-937',1632.0,200,1,'2022-07-16 05:19:11.177676','2022-07-16 05:19:11.178213');
INSERT INTO book VALUES(936,'Book-938',1633.9999999999999999,200,1,'2022-07-16 05:19:11.188037','2022-07-16 05:19:11.188439');
INSERT INTO book VALUES(937,'Book-939',1636.0,200,1,'2022-07-16 05:19:11.197327','2022-07-16 05:19:11.197735');
INSERT INTO book VALUES(938,'Book-940',1638.0,200,1,'2022-07-16 05:19:11.205760','2022-07-16 05:19:11.206193');
INSERT INTO book VALUES(939,'Book-941',1639.9999999999999999,200,1,'2022-07-16 05:19:11.216207','2022-07-16 05:19:11.216769');
INSERT INTO book VALUES(940,'Book-942',1642.0,200,1,'2022-07-16 05:19:11.225396','2022-07-16 05:19:11.225692');
INSERT INTO book VALUES(941,'Book-943',1643.9999999999999999,200,1,'2022-07-16 05:19:11.233953','2022-07-16 05:19:11.234174');
INSERT INTO book VALUES(942,'Book-944',1646.0,200,1,'2022-07-16 05:19:11.242336','2022-07-16 05:19:11.242516');
INSERT INTO book VALUES(943,'Book-945',1648.0,200,1,'2022-07-16 05:19:11.248479','2022-07-16 05:19:11.248692');
INSERT INTO book VALUES(944,'Book-946',1650.0,200,1,'2022-07-16 05:19:11.255239','2022-07-16 05:19:11.255435');
INSERT INTO book VALUES(945,'Book-947',1652.0,200,1,'2022-07-16 05:19:11.261414','2022-07-16 05:19:11.261597');
INSERT INTO book VALUES(946,'Book-948',1653.9999999999999999,200,1,'2022-07-16 05:19:11.269683','2022-07-16 05:19:11.269868');
INSERT INTO book VALUES(947,'Book-949',1655.9999999999999999,200,1,'2022-07-16 05:19:11.275544','2022-07-16 05:19:11.275722');
INSERT INTO book VALUES(948,'Book-950',1658.0,200,1,'2022-07-16 05:19:11.282321','2022-07-16 05:19:11.282541');
INSERT INTO book VALUES(949,'Book-951',1659.9999999999999999,200,1,'2022-07-16 05:19:11.290224','2022-07-16 05:19:11.290370');
INSERT INTO book VALUES(950,'Book-952',1661.9999999999999999,200,1,'2022-07-16 05:19:11.296303','2022-07-16 05:19:11.296447');
INSERT INTO book VALUES(951,'Book-953',1664.0,200,1,'2022-07-16 05:19:11.303757','2022-07-16 05:19:11.303963');
INSERT INTO book VALUES(952,'Book-954',1665.9999999999999999,200,1,'2022-07-16 05:19:11.310480','2022-07-16 05:19:11.310645');
INSERT INTO book VALUES(953,'Book-955',1668.0,200,1,'2022-07-16 05:19:11.316709','2022-07-16 05:19:11.316888');
INSERT INTO book VALUES(954,'Book-956',1669.9999999999999999,200,1,'2022-07-16 05:19:11.324459','2022-07-16 05:19:11.324628');
INSERT INTO book VALUES(955,'Book-957',1672.0,200,1,'2022-07-16 05:19:11.330334','2022-07-16 05:19:11.330479');
INSERT INTO book VALUES(956,'Book-958',1674.0,200,1,'2022-07-16 05:19:11.337290','2022-07-16 05:19:11.337437');
INSERT INTO book VALUES(957,'Book-959',1675.9999999999999999,200,1,'2022-07-16 05:19:11.343322','2022-07-16 05:19:11.343535');
INSERT INTO book VALUES(958,'Book-960',1678.0,200,1,'2022-07-16 05:19:11.351970','2022-07-16 05:19:11.352171');
INSERT INTO book VALUES(959,'Book-961',1679.9999999999999999,200,1,'2022-07-16 05:19:11.359164','2022-07-16 05:19:11.359544');
INSERT INTO book VALUES(960,'Book-962',1681.9999999999999999,200,1,'2022-07-16 05:19:11.369402','2022-07-16 05:19:11.369845');
INSERT INTO book VALUES(961,'Book-963',1684.0,200,1,'2022-07-16 05:19:11.379243','2022-07-16 05:19:11.379776');
INSERT INTO book VALUES(962,'Book-964',1685.9999999999999999,200,1,'2022-07-16 05:19:11.388567','2022-07-16 05:19:11.389007');
INSERT INTO book VALUES(963,'Book-965',1688.0,200,1,'2022-07-16 05:19:11.398016','2022-07-16 05:19:11.398622');
INSERT INTO book VALUES(964,'Book-966',1690.0,200,1,'2022-07-16 05:19:11.409973','2022-07-16 05:19:11.410521');
INSERT INTO book VALUES(965,'Book-967',1692.0,200,1,'2022-07-16 05:19:11.419250','2022-07-16 05:19:11.419813');
INSERT INTO book VALUES(966,'Book-968',1694.0,200,1,'2022-07-16 05:19:11.427562','2022-07-16 05:19:11.427967');
INSERT INTO book VALUES(967,'Book-969',1695.9999999999999999,200,1,'2022-07-16 05:19:11.438470','2022-07-16 05:19:11.439010');
INSERT INTO book VALUES(968,'Book-970',1698.0,200,1,'2022-07-16 05:19:11.447612','2022-07-16 05:19:11.448270');
INSERT INTO book VALUES(969,'Book-971',1700.0,200,1,'2022-07-16 05:19:11.454961','2022-07-16 05:19:11.455274');
INSERT INTO book VALUES(970,'Book-972',1701.9999999999999999,200,1,'2022-07-16 05:19:11.464128','2022-07-16 05:19:11.464366');
INSERT INTO book VALUES(971,'Book-973',1703.9999999999999999,200,1,'2022-07-16 05:19:11.471419','2022-07-16 05:19:11.471630');
INSERT INTO book VALUES(972,'Book-974',1705.9999999999999999,200,1,'2022-07-16 05:19:11.480328','2022-07-16 05:19:11.480551');
INSERT INTO book VALUES(973,'Book-975',1707.9999999999999999,200,1,'2022-07-16 05:19:11.486663','2022-07-16 05:19:11.486818');
INSERT INTO book VALUES(974,'Book-976',1710.0,200,1,'2022-07-16 05:19:11.492338','2022-07-16 05:19:11.492491');
INSERT INTO book VALUES(975,'Book-977',1711.9999999999999999,200,1,'2022-07-16 05:19:11.500167','2022-07-16 05:19:11.500354');
INSERT INTO book VALUES(976,'Book-978',1714.0,200,1,'2022-07-16 05:19:11.510236','2022-07-16 05:19:11.510435');
INSERT INTO book VALUES(977,'Book-979',1716.0,200,1,'2022-07-16 05:19:11.518413','2022-07-16 05:19:11.518606');
INSERT INTO book VALUES(978,'Book-980',1717.9999999999999999,200,1,'2022-07-16 05:19:11.524616','2022-07-16 05:19:11.524882');
INSERT INTO book VALUES(979,'Book-981',1720.0,200,1,'2022-07-16 05:19:11.532003','2022-07-16 05:19:11.532307');
INSERT INTO book VALUES(980,'Book-982',1721.9999999999999999,200,1,'2022-07-16 05:19:11.540028','2022-07-16 05:19:11.540229');
INSERT INTO book VALUES(981,'Book-983',1723.9999999999999999,200,1,'2022-07-16 05:19:11.546547','2022-07-16 05:19:11.546771');
INSERT INTO book VALUES(982,'Book-984',1726.0,200,1,'2022-07-16 05:19:11.554656','2022-07-16 05:19:11.554816');
INSERT INTO book VALUES(983,'Book-985',1727.9999999999999999,200,1,'2022-07-16 05:19:11.560730','2022-07-16 05:19:11.560875');
INSERT INTO book VALUES(984,'Book-986',1730.0,200,1,'2022-07-16 05:19:11.566994','2022-07-16 05:19:11.567171');
INSERT INTO book VALUES(985,'Book-987',1731.9999999999999999,200,1,'2022-07-16 05:19:11.573497','2022-07-16 05:19:11.573658');
INSERT INTO book VALUES(986,'Book-988',1734.0,200,1,'2022-07-16 05:19:11.582520','2022-07-16 05:19:11.582965');
INSERT INTO book VALUES(987,'Book-989',1736.0,200,1,'2022-07-16 05:19:11.589619','2022-07-16 05:19:11.589816');
INSERT INTO book VALUES(988,'Book-990',1737.9999999999999999,200,1,'2022-07-16 05:19:11.596476','2022-07-16 05:19:11.596869');
INSERT INTO book VALUES(989,'Book-991',1740.0,200,1,'2022-07-16 05:19:11.608169','2022-07-16 05:19:11.608634');
INSERT INTO book VALUES(990,'Book-992',1742.0,200,1,'2022-07-16 05:19:11.616609','2022-07-16 05:19:11.616991');
INSERT INTO book VALUES(991,'Book-993',1743.9999999999999999,200,1,'2022-07-16 05:19:11.625183','2022-07-16 05:19:11.626295');
INSERT INTO book VALUES(992,'Book-994',1746.0,200,1,'2022-07-16 05:19:11.636996','2022-07-16 05:19:11.637504');
INSERT INTO book VALUES(993,'Book-995',1747.9999999999999999,200,1,'2022-07-16 05:19:11.645610','2022-07-16 05:19:11.646079');
INSERT INTO book VALUES(994,'Book-996',1750.0,200,1,'2022-07-16 05:19:11.653731','2022-07-16 05:19:11.654172');
INSERT INTO book VALUES(995,'Book-997',1752.0,200,1,'2022-07-16 05:19:11.666421','2022-07-16 05:19:11.667053');
INSERT INTO book VALUES(996,'Book-998',1753.9999999999999999,200,1,'2022-07-16 05:19:11.674680','2022-07-16 05:19:11.675072');
INSERT INTO book VALUES(997,'Book-999',1756.0,200,1,'2022-07-16 05:19:11.682187','2022-07-16 05:19:11.682464');
INSERT INTO book VALUES(998,'Book-1000',1757.9999999999999999,200,1,'2022-07-16 05:19:11.691445','2022-07-16 05:19:11.691690');
INSERT INTO book VALUES(999,'Book-1001',1759.9999999999999999,200,1,'2022-07-16 05:19:11.709695','2022-07-16 05:19:11.710070');
INSERT INTO book VALUES(1000,'Book-1002',1762.0,200,1,'2022-07-16 05:19:11.718234','2022-07-16 05:19:11.718417');
INSERT INTO book VALUES(1001,'Book-1003',1763.9999999999999999,200,1,'2022-07-16 05:19:11.724590','2022-07-16 05:19:11.724760');
INSERT INTO book VALUES(1002,'Book-1004',1765.9999999999999999,200,1,'2022-07-16 05:19:11.732077','2022-07-16 05:19:11.732277');
INSERT INTO book VALUES(1003,'Book-1005',1768.0,200,1,'2022-07-16 05:19:11.738882','2022-07-16 05:19:11.739021');
INSERT INTO book VALUES(1004,'Book-1006',1769.9999999999999999,200,1,'2022-07-16 05:19:11.745305','2022-07-16 05:19:11.745539');
INSERT INTO book VALUES(1005,'Book-1007',1772.0,200,1,'2022-07-16 05:19:11.752223','2022-07-16 05:19:11.752437');
INSERT INTO book VALUES(1006,'Book-1008',1773.9999999999999999,200,1,'2022-07-16 05:19:11.758280','2022-07-16 05:19:11.758463');
INSERT INTO book VALUES(1007,'Book-1009',1776.0,200,1,'2022-07-16 05:19:11.766825','2022-07-16 05:19:11.766988');
INSERT INTO book VALUES(1008,'Book-1010',1778.0,200,1,'2022-07-16 05:19:11.772690','2022-07-16 05:19:11.772942');
INSERT INTO book VALUES(1009,'Book-1011',1779.9999999999999999,200,1,'2022-07-16 05:19:11.779963','2022-07-16 05:19:11.780164');
INSERT INTO book VALUES(1010,'Book-1012',1782.0,200,1,'2022-07-16 05:19:11.787562','2022-07-16 05:19:11.787735');
INSERT INTO book VALUES(1011,'Book-1013',1783.9999999999999999,200,1,'2022-07-16 05:19:11.793604','2022-07-16 05:19:11.793778');
INSERT INTO book VALUES(1012,'Book-1014',1785.9999999999999999,200,1,'2022-07-16 05:19:11.801244','2022-07-16 05:19:11.801453');
INSERT INTO book VALUES(1013,'Book-1015',1788.0,200,1,'2022-07-16 05:19:11.807072','2022-07-16 05:19:11.807271');
INSERT INTO book VALUES(1014,'Book-1016',1789.9999999999999999,200,1,'2022-07-16 05:19:11.814880','2022-07-16 05:19:11.815101');
INSERT INTO book VALUES(1015,'Book-1017',1792.0,200,1,'2022-07-16 05:19:11.821194','2022-07-16 05:19:11.821393');
INSERT INTO book VALUES(1016,'Book-1018',1794.0,200,1,'2022-07-16 05:19:11.827048','2022-07-16 05:19:11.827178');
INSERT INTO book VALUES(1017,'Book-1019',1796.0,200,1,'2022-07-16 05:19:11.834070','2022-07-16 05:19:11.834224');
INSERT INTO book VALUES(1018,'Book-1020',1798.0,200,1,'2022-07-16 05:19:11.839648','2022-07-16 05:19:11.839846');
INSERT INTO book VALUES(1019,'Book-1021',1799.9999999999999999,200,1,'2022-07-16 05:19:11.848137','2022-07-16 05:19:11.848315');
INSERT INTO book VALUES(1020,'Book-1022',1802.0,200,1,'2022-07-16 05:19:11.856093','2022-07-16 05:19:11.856328');
INSERT INTO book VALUES(1021,'Book-1023',1804.0,200,1,'2022-07-16 05:19:11.861785','2022-07-16 05:19:11.861926');
INSERT INTO book VALUES(1022,'Book-1024',1805.9999999999999999,200,1,'2022-07-16 05:19:11.867740','2022-07-16 05:19:11.867919');
INSERT INTO book VALUES(1023,'Book-1025',1807.9999999999999999,200,1,'2022-07-16 05:19:11.873721','2022-07-16 05:19:11.873975');
INSERT INTO book VALUES(1024,'Book-1026',1809.9999999999999999,200,1,'2022-07-16 05:19:11.881829','2022-07-16 05:19:11.882034');
INSERT INTO book VALUES(1025,'Book-1027',1811.9999999999999999,200,1,'2022-07-16 05:19:11.888227','2022-07-16 05:19:11.888358');
INSERT INTO book VALUES(1026,'Book-1028',1814.0,200,1,'2022-07-16 05:19:11.893874','2022-07-16 05:19:11.894061');
INSERT INTO book VALUES(1027,'Book-1029',1815.9999999999999999,200,1,'2022-07-16 05:19:11.901419','2022-07-16 05:19:11.901746');
INSERT INTO book VALUES(1028,'Book-1030',1818.0,200,1,'2022-07-16 05:19:11.907562','2022-07-16 05:19:11.907754');
INSERT INTO book VALUES(1029,'Book-1031',1820.0,200,1,'2022-07-16 05:19:11.915081','2022-07-16 05:19:11.915298');
INSERT INTO book VALUES(1030,'Book-1032',1821.9999999999999999,200,1,'2022-07-16 05:19:11.921445','2022-07-16 05:19:11.921620');
INSERT INTO book VALUES(1031,'Book-1033',1823.9999999999999999,200,1,'2022-07-16 05:19:11.928820','2022-07-16 05:19:11.928953');
INSERT INTO book VALUES(1032,'Book-1034',1825.9999999999999999,200,1,'2022-07-16 05:19:11.934747','2022-07-16 05:19:11.934937');
INSERT INTO book VALUES(1033,'Book-1035',1827.9999999999999999,200,1,'2022-07-16 05:19:11.940741','2022-07-16 05:19:11.940921');
INSERT INTO book VALUES(1034,'Book-1036',1830.0,200,1,'2022-07-16 05:19:11.948438','2022-07-16 05:19:11.948616');
INSERT INTO book VALUES(1035,'Book-1037',1831.9999999999999999,200,1,'2022-07-16 05:19:11.954412','2022-07-16 05:19:11.954606');
INSERT INTO book VALUES(1036,'Book-1038',1834.0,200,1,'2022-07-16 05:19:11.960103','2022-07-16 05:19:11.960276');
INSERT INTO book VALUES(1037,'Book-1039',1835.9999999999999999,200,1,'2022-07-16 05:19:11.968242','2022-07-16 05:19:11.968479');
INSERT INTO book VALUES(1038,'Book-1040',1838.0,200,1,'2022-07-16 05:19:11.974477','2022-07-16 05:19:11.974687');
INSERT INTO book VALUES(1039,'Book-1041',1840.0,200,1,'2022-07-16 05:19:11.983022','2022-07-16 05:19:11.983177');
INSERT INTO book VALUES(1040,'Book-1042',1842.0,200,1,'2022-07-16 05:19:11.989848','2022-07-16 05:19:11.989983');
INSERT INTO book VALUES(1041,'Book-1043',1844.0,200,1,'2022-07-16 05:19:11.995790','2022-07-16 05:19:11.995929');
INSERT INTO book VALUES(1042,'Book-1044',1846.0,200,1,'2022-07-16 05:19:12.001719','2022-07-16 05:19:12.001885');
INSERT INTO book VALUES(1043,'Book-1045',1847.9999999999999999,200,1,'2022-07-16 05:19:12.009023','2022-07-16 05:19:12.009192');
INSERT INTO book VALUES(1044,'Book-1046',1850.0,200,1,'2022-07-16 05:19:12.013970','2022-07-16 05:19:12.014122');
INSERT INTO book VALUES(1045,'Book-1047',1851.9999999999999999,200,1,'2022-07-16 05:19:12.020896','2022-07-16 05:19:12.021178');
INSERT INTO book VALUES(1046,'Book-1048',1853.9999999999999999,200,1,'2022-07-16 05:19:12.028203','2022-07-16 05:19:12.028345');
INSERT INTO book VALUES(1047,'Book-1049',1856.0,200,1,'2022-07-16 05:19:12.034078','2022-07-16 05:19:12.034219');
INSERT INTO book VALUES(1048,'Book-1050',1857.9999999999999999,200,1,'2022-07-16 05:19:12.039995','2022-07-16 05:19:12.040190');
INSERT INTO book VALUES(1049,'Book-1051',1860.0,200,1,'2022-07-16 05:19:12.047962','2022-07-16 05:19:12.048139');
INSERT INTO book VALUES(1050,'Book-1052',1861.9999999999999999,200,1,'2022-07-16 05:19:12.054047','2022-07-16 05:19:12.054206');
INSERT INTO book VALUES(1051,'Book-1053',1863.9999999999999999,200,1,'2022-07-16 05:19:12.062114','2022-07-16 05:19:12.062319');
INSERT INTO book VALUES(1052,'Book-1054',1865.9999999999999999,200,1,'2022-07-16 05:19:12.071187','2022-07-16 05:19:12.071380');
INSERT INTO book VALUES(1053,'Book-1055',1867.9999999999999999,200,1,'2022-07-16 05:19:12.080943','2022-07-16 05:19:12.081174');
INSERT INTO book VALUES(1054,'Book-1056',1869.9999999999999999,200,1,'2022-07-16 05:19:12.089989','2022-07-16 05:19:12.090192');
INSERT INTO book VALUES(1055,'Book-1057',1872.0,200,1,'2022-07-16 05:19:12.107693','2022-07-16 05:19:12.108293');
INSERT INTO book VALUES(1056,'Book-1058',1873.9999999999999999,200,1,'2022-07-16 05:19:12.129171','2022-07-16 05:19:12.129473');
INSERT INTO book VALUES(1057,'Book-1059',1876.0,200,1,'2022-07-16 05:19:12.147505','2022-07-16 05:19:12.147806');
INSERT INTO book VALUES(1058,'Book-1060',1877.9999999999999999,200,1,'2022-07-16 05:19:12.156881','2022-07-16 05:19:12.157068');
INSERT INTO book VALUES(1059,'Book-1061',1880.0,200,1,'2022-07-16 05:19:12.163374','2022-07-16 05:19:12.163557');
INSERT INTO book VALUES(1060,'Book-1062',1882.0,200,1,'2022-07-16 05:19:12.171296','2022-07-16 05:19:12.171532');
INSERT INTO book VALUES(1061,'Book-1063',1884.0,200,1,'2022-07-16 05:19:12.177946','2022-07-16 05:19:12.178172');
INSERT INTO book VALUES(1062,'Book-1064',1886.0,200,1,'2022-07-16 05:19:12.185250','2022-07-16 05:19:12.185439');
INSERT INTO book VALUES(1063,'Book-1065',1888.0,200,1,'2022-07-16 05:19:12.191456','2022-07-16 05:19:12.191658');
INSERT INTO book VALUES(1064,'Book-1066',1889.9999999999999999,200,1,'2022-07-16 05:19:12.198382','2022-07-16 05:19:12.198582');
INSERT INTO book VALUES(1065,'Book-1067',1892.0,200,1,'2022-07-16 05:19:12.206671','2022-07-16 05:19:12.206884');
INSERT INTO book VALUES(1066,'Book-1068',1893.9999999999999999,200,1,'2022-07-16 05:19:12.213428','2022-07-16 05:19:12.213621');
INSERT INTO book VALUES(1067,'Book-1069',1896.0,200,1,'2022-07-16 05:19:12.221036','2022-07-16 05:19:12.221176');
INSERT INTO book VALUES(1068,'Book-1070',1898.0,200,1,'2022-07-16 05:19:12.227251','2022-07-16 05:19:12.227424');
INSERT INTO book VALUES(1069,'Book-1071',1900.0,200,1,'2022-07-16 05:19:12.234184','2022-07-16 05:19:12.234390');
INSERT INTO book VALUES(1070,'Book-1072',1902.0,200,1,'2022-07-16 05:19:12.242184','2022-07-16 05:19:12.242358');
INSERT INTO book VALUES(1071,'Book-1073',1903.9999999999999999,200,1,'2022-07-16 05:19:12.246975','2022-07-16 05:19:12.247119');
INSERT INTO book VALUES(1072,'Book-1074',1905.9999999999999999,200,1,'2022-07-16 05:19:12.255115','2022-07-16 05:19:12.255255');
INSERT INTO book VALUES(1073,'Book-1075',1907.9999999999999999,200,1,'2022-07-16 05:19:12.261237','2022-07-16 05:19:12.261390');
INSERT INTO book VALUES(1074,'Book-1076',1909.9999999999999999,200,1,'2022-07-16 05:19:12.267389','2022-07-16 05:19:12.267557');
INSERT INTO book VALUES(1075,'Book-1077',1911.9999999999999999,200,1,'2022-07-16 05:19:12.275293','2022-07-16 05:19:12.275510');
INSERT INTO book VALUES(1076,'Book-1078',1914.0,200,1,'2022-07-16 05:19:12.281791','2022-07-16 05:19:12.281950');
INSERT INTO book VALUES(1077,'Book-1079',1915.9999999999999999,200,1,'2022-07-16 05:19:12.290096','2022-07-16 05:19:12.290226');
INSERT INTO book VALUES(1078,'Book-1080',1918.0,200,1,'2022-07-16 05:19:12.296545','2022-07-16 05:19:12.296747');
INSERT INTO book VALUES(1079,'Book-1081',1919.9999999999999999,200,1,'2022-07-16 05:19:12.304589','2022-07-16 05:19:12.304731');
INSERT INTO book VALUES(1080,'Book-1082',1922.0,200,1,'2022-07-16 05:19:12.310833','2022-07-16 05:19:12.311329');
INSERT INTO book VALUES(1081,'Book-1083',1924.0,200,1,'2022-07-16 05:19:12.317368','2022-07-16 05:19:12.317588');
INSERT INTO book VALUES(1082,'Book-1084',1926.0,200,1,'2022-07-16 05:19:12.323826','2022-07-16 05:19:12.323958');
INSERT INTO book VALUES(1083,'Book-1085',1928.0,200,1,'2022-07-16 05:19:12.329413','2022-07-16 05:19:12.329576');
INSERT INTO book VALUES(1084,'Book-1086',1929.9999999999999999,200,1,'2022-07-16 05:19:12.336931','2022-07-16 05:19:12.337114');
INSERT INTO book VALUES(1085,'Book-1087',1931.9999999999999999,200,1,'2022-07-16 05:19:12.343230','2022-07-16 05:19:12.343431');
INSERT INTO book VALUES(1086,'Book-1088',1934.0,200,1,'2022-07-16 05:19:12.350877','2022-07-16 05:19:12.351039');
INSERT INTO book VALUES(1087,'Book-1089',1935.9999999999999999,200,1,'2022-07-16 05:19:12.357765','2022-07-16 05:19:12.357961');
INSERT INTO book VALUES(1088,'Book-1090',1938.0,200,1,'2022-07-16 05:19:12.363869','2022-07-16 05:19:12.364018');
INSERT INTO book VALUES(1089,'Book-1091',1940.0,200,1,'2022-07-16 05:19:12.370879','2022-07-16 05:19:12.371007');
INSERT INTO book VALUES(1090,'Book-1092',1942.0,200,1,'2022-07-16 05:19:12.375370','2022-07-16 05:19:12.375574');
INSERT INTO book VALUES(1091,'Book-1093',1944.0,200,1,'2022-07-16 05:19:12.382129','2022-07-16 05:19:12.382306');
INSERT INTO book VALUES(1092,'Book-1094',1945.9999999999999999,200,1,'2022-07-16 05:19:12.390730','2022-07-16 05:19:12.390903');
INSERT INTO book VALUES(1093,'Book-1095',1947.9999999999999999,200,1,'2022-07-16 05:19:12.396654','2022-07-16 05:19:12.396829');
INSERT INTO book VALUES(1094,'Book-1096',1950.0,200,1,'2022-07-16 05:19:12.404738','2022-07-16 05:19:12.404877');
INSERT INTO book VALUES(1095,'Book-1097',1951.9999999999999999,200,1,'2022-07-16 05:19:12.411000','2022-07-16 05:19:12.411430');
INSERT INTO book VALUES(1096,'Book-1098',1953.9999999999999999,200,1,'2022-07-16 05:19:12.418012','2022-07-16 05:19:12.418210');
INSERT INTO book VALUES(1097,'Book-1099',1955.9999999999999999,200,1,'2022-07-16 05:19:12.425508','2022-07-16 05:19:12.425692');
INSERT INTO book VALUES(1098,'Book-1100',1957.9999999999999999,200,1,'2022-07-16 05:19:12.432210','2022-07-16 05:19:12.432611');
INSERT INTO book VALUES(1099,'Book-1101',1960.0,200,1,'2022-07-16 05:19:12.440204','2022-07-16 05:19:12.440365');
INSERT INTO book VALUES(1100,'Book-1102',1961.9999999999999999,200,1,'2022-07-16 05:19:12.447840','2022-07-16 05:19:12.447988');
INSERT INTO book VALUES(1101,'Book-1103',1964.0,200,1,'2022-07-16 05:19:12.454722','2022-07-16 05:19:12.454864');
INSERT INTO book VALUES(1102,'Book-1104',1966.0,200,1,'2022-07-16 05:19:12.460305','2022-07-16 05:19:12.460497');
INSERT INTO book VALUES(1103,'Book-1105',1968.0,200,1,'2022-07-16 05:19:12.467899','2022-07-16 05:19:12.468029');
INSERT INTO book VALUES(1104,'Book-1106',1970.0,200,1,'2022-07-16 05:19:12.473470','2022-07-16 05:19:12.473600');
INSERT INTO book VALUES(1105,'Book-1107',1971.9999999999999999,200,1,'2022-07-16 05:19:12.479276','2022-07-16 05:19:12.479421');
INSERT INTO book VALUES(1106,'Book-1108',1973.9999999999999999,200,1,'2022-07-16 05:19:12.487013','2022-07-16 05:19:12.487143');
INSERT INTO book VALUES(1107,'Book-1109',1976.0,200,1,'2022-07-16 05:19:12.493161','2022-07-16 05:19:12.493310');
INSERT INTO book VALUES(1108,'Book-1110',1977.9999999999999999,200,1,'2022-07-16 05:19:12.501033','2022-07-16 05:19:12.501170');
INSERT INTO book VALUES(1109,'Book-1111',1980.0,200,1,'2022-07-16 05:19:12.508215','2022-07-16 05:19:12.508367');
INSERT INTO book VALUES(1110,'Book-1112',1981.9999999999999999,200,1,'2022-07-16 05:19:12.514405','2022-07-16 05:19:12.514751');
INSERT INTO book VALUES(1111,'Book-1113',1984.0,200,1,'2022-07-16 05:19:12.522471','2022-07-16 05:19:12.522675');
INSERT INTO book VALUES(1112,'Book-1114',1986.0,200,1,'2022-07-16 05:19:12.528284','2022-07-16 05:19:12.528425');
INSERT INTO book VALUES(1113,'Book-1115',1987.9999999999999999,200,1,'2022-07-16 05:19:12.536226','2022-07-16 05:19:12.536616');
INSERT INTO book VALUES(1114,'Book-1116',1989.9999999999999999,200,1,'2022-07-16 05:19:12.550151','2022-07-16 05:19:12.550709');
INSERT INTO book VALUES(1115,'Book-1117',1992.0,200,1,'2022-07-16 05:19:12.561353','2022-07-16 05:19:12.561989');
INSERT INTO book VALUES(1116,'Book-1118',1993.9999999999999999,200,1,'2022-07-16 05:19:12.574062','2022-07-16 05:19:12.574545');
INSERT INTO book VALUES(1117,'Book-1119',1996.0,200,1,'2022-07-16 05:19:12.583738','2022-07-16 05:19:12.584143');
INSERT INTO book VALUES(1118,'Book-1120',1997.9999999999999999,200,1,'2022-07-16 05:19:12.592444','2022-07-16 05:19:12.592891');
INSERT INTO book VALUES(1119,'Book-1121',2000.0,200,1,'2022-07-16 05:19:12.604535','2022-07-16 05:19:12.604924');
INSERT INTO book VALUES(1120,'Book-1122',2002.0,200,1,'2022-07-16 05:19:12.613751','2022-07-16 05:19:12.614230');
INSERT INTO book VALUES(1121,'Book-1123',2004.0,200,1,'2022-07-16 05:19:12.623884','2022-07-16 05:19:12.624305');
INSERT INTO book VALUES(1122,'Book-1124',2005.9999999999999999,200,1,'2022-07-16 05:19:12.632202','2022-07-16 05:19:12.632575');
INSERT INTO book VALUES(1123,'Book-1125',2007.9999999999999999,200,1,'2022-07-16 05:19:12.640063','2022-07-16 05:19:12.640425');
INSERT INTO book VALUES(1124,'Book-1126',2009.9999999999999999,200,1,'2022-07-16 05:19:12.649191','2022-07-16 05:19:12.649457');
INSERT INTO book VALUES(1125,'Book-1127',2012.0,200,1,'2022-07-16 05:19:12.655540','2022-07-16 05:19:12.655765');
INSERT INTO book VALUES(1126,'Book-1128',2014.0,200,1,'2022-07-16 05:19:12.662095','2022-07-16 05:19:12.662318');
INSERT INTO book VALUES(1127,'Book-1129',2015.9999999999999998,200,1,'2022-07-16 05:19:12.671582','2022-07-16 05:19:12.671960');
INSERT INTO book VALUES(1128,'Book-1130',2017.9999999999999999,200,1,'2022-07-16 05:19:12.680497','2022-07-16 05:19:12.681084');
INSERT INTO book VALUES(1129,'Book-1131',2019.9999999999999999,200,1,'2022-07-16 05:19:12.689903','2022-07-16 05:19:12.690453');
INSERT INTO book VALUES(1130,'Book-1132',2022.0,200,1,'2022-07-16 05:19:12.702390','2022-07-16 05:19:12.702917');
INSERT INTO book VALUES(1131,'Book-1133',2024.0,200,1,'2022-07-16 05:19:12.713402','2022-07-16 05:19:12.713995');
INSERT INTO book VALUES(1132,'Book-1134',2026.0000000000000001,200,1,'2022-07-16 05:19:12.722783','2022-07-16 05:19:12.723323');
INSERT INTO book VALUES(1133,'Book-1135',2027.9999999999999999,200,1,'2022-07-16 05:19:12.735472','2022-07-16 05:19:12.736006');
INSERT INTO book VALUES(1134,'Book-1136',2029.9999999999999999,200,1,'2022-07-16 05:19:12.745114','2022-07-16 05:19:12.745555');
INSERT INTO book VALUES(1135,'Book-1137',2032.0,200,1,'2022-07-16 05:19:12.752923','2022-07-16 05:19:12.753288');
INSERT INTO book VALUES(1136,'Book-1138',2034.0,200,1,'2022-07-16 05:19:12.764747','2022-07-16 05:19:12.765005');
INSERT INTO book VALUES(1137,'Book-1139',2036.0,200,1,'2022-07-16 05:19:12.772086','2022-07-16 05:19:12.772275');
INSERT INTO book VALUES(1138,'Book-1140',2037.9999999999999999,200,1,'2022-07-16 05:19:12.780169','2022-07-16 05:19:12.780325');
INSERT INTO book VALUES(1139,'Book-1141',2039.9999999999999999,200,1,'2022-07-16 05:19:12.785931','2022-07-16 05:19:12.786072');
INSERT INTO book VALUES(1140,'Book-1142',2042.0,200,1,'2022-07-16 05:19:12.792026','2022-07-16 05:19:12.792157');
INSERT INTO book VALUES(1141,'Book-1143',2044.0,200,1,'2022-07-16 05:19:12.799801','2022-07-16 05:19:12.799937');
INSERT INTO book VALUES(1142,'Book-1144',2046.0,200,1,'2022-07-16 05:19:12.805775','2022-07-16 05:19:12.805961');
INSERT INTO book VALUES(1143,'Book-1145',2047.9999999999999999,200,1,'2022-07-16 05:19:12.812775','2022-07-16 05:19:12.813167');
INSERT INTO book VALUES(1144,'Book-1146',2049.9999999999999999,200,1,'2022-07-16 05:19:12.821093','2022-07-16 05:19:12.821639');
INSERT INTO book VALUES(1145,'Book-1147',2051.9999999999999999,200,1,'2022-07-16 05:19:12.831030','2022-07-16 05:19:12.831425');
INSERT INTO book VALUES(1146,'Book-1148',2054.0,200,1,'2022-07-16 05:19:12.839922','2022-07-16 05:19:12.840521');
INSERT INTO book VALUES(1147,'Book-1149',2056.0,200,1,'2022-07-16 05:19:12.851796','2022-07-16 05:19:12.852202');
INSERT INTO book VALUES(1148,'Book-1150',2057.9999999999999999,200,1,'2022-07-16 05:19:12.859448','2022-07-16 05:19:12.859894');
INSERT INTO book VALUES(1149,'Book-1151',2059.9999999999999999,200,1,'2022-07-16 05:19:12.870779','2022-07-16 05:19:12.871177');
INSERT INTO book VALUES(1150,'Book-1152',2061.9999999999999999,200,1,'2022-07-16 05:19:12.879328','2022-07-16 05:19:12.879731');
INSERT INTO book VALUES(1151,'Book-1153',2064.0,200,1,'2022-07-16 05:19:12.887466','2022-07-16 05:19:12.887673');
INSERT INTO book VALUES(1152,'Book-1154',2066.0,200,1,'2022-07-16 05:19:12.895603','2022-07-16 05:19:12.895933');
INSERT INTO book VALUES(1153,'Book-1155',2067.9999999999999998,200,1,'2022-07-16 05:19:12.902301','2022-07-16 05:19:12.902457');
INSERT INTO book VALUES(1154,'Book-1156',2069.9999999999999999,200,1,'2022-07-16 05:19:12.909789','2022-07-16 05:19:12.910019');
INSERT INTO book VALUES(1155,'Book-1157',2071.9999999999999999,200,1,'2022-07-16 05:19:12.916046','2022-07-16 05:19:12.916179');
INSERT INTO book VALUES(1156,'Book-1158',2074.0,200,1,'2022-07-16 05:19:12.924140','2022-07-16 05:19:12.924613');
CREATE TABLE IF NOT EXISTS "order" ("id" integer NOT NULL PRIMARY KEY AUTOINCREMENT, "amount" real NOT NULL, "item_list" text NOT NULL CHECK ((JSON_VALID("item_list") OR "item_list" IS NULL)), "created_at" datetime NOT NULL, "updated_at" datetime NOT NULL);
INSERT INTO "order" VALUES(1,120.0,replace('{\n  "items": [\n    {\n      "1": 5\n    },\n    {\n      "1": 5\n    },\n    {\n      "1": 5\n    },\n    {\n      "1": 5\n    }\n  ]\n}','\n',char(10)),1657921381000,1657921383000);
INSERT INTO "order" VALUES(2,0.0,'[{"book_id": 101, "quantity": 5}, {"book_id": 103, "quantity": 5}, {"book_id": 105, "quantity": 5}, {"book_id": 107, "quantity": 5}, {"book_id": 109, "quantity": 5}]','2022-07-16 07:27:33.874452','2022-07-16 07:27:33.874513');
INSERT INTO "order" VALUES(3,33324.999999999999999,'[{"book_id": 101, "quantity": 5}, {"book_id": 103, "quantity": 5}, {"book_id": 105, "quantity": 5}, {"book_id": 107, "quantity": 5}, {"book_id": 109, "quantity": 5}]','2022-07-16 07:33:50.699086','2022-07-16 07:33:50.699120');
INSERT INTO "order" VALUES(4,33294.999999999999999,'[{"book_id": 101, "quantity": 5}, {"book_id": 103, "quantity": 5}, {"book_id": 105, "quantity": 5}, {"book_id": 101, "quantity": 5}, {"book_id": 109, "quantity": 5}]','2022-07-16 07:35:19.700601','2022-07-16 07:35:19.700695');
INSERT INTO "order" VALUES(5,26649.999999999999999,'[{"book_id": 101, "quantity": 5}, {"book_id": 103, "quantity": 5}, {"book_id": 105, "quantity": 5}, {"book_id": 9999, "quantity": 5}, {"book_id": 109, "quantity": 5}]','2022-07-16 07:44:12.365032','2022-07-16 07:44:12.365177');
INSERT INTO "order" VALUES(6,0.0,'[]','2022-07-16 07:51:49.297607','2022-07-16 07:51:49.297725');
INSERT INTO "order" VALUES(7,0.0,'""','2022-07-16 07:52:01.979855','2022-07-16 07:52:01.979910');
INSERT INTO "order" VALUES(8,33324.999999999999999,'[{"book_id": 101, "quantity": 5}, {"book_id": 103, "quantity": 5}, {"book_id": 105, "quantity": 5}, {"book_id": 107, "quantity": 5}, {"book_id": 109, "quantity": 5}]','2022-07-16 08:19:44.070035','2022-07-16 08:19:44.070156');
INSERT INTO "order" VALUES(9,33324.999999999999999,'[{"book_id": 101, "quantity": 5}, {"book_id": 103, "quantity": 5}, {"book_id": 105, "quantity": 5}, {"book_id": 107, "quantity": 5}, {"book_id": 109, "quantity": 5}]','2022-07-16 08:21:06.451200','2022-07-16 08:21:06.451297');
INSERT INTO "order" VALUES(10,33324.999999999999999,'[{"book_id": 101, "quantity": 5}, {"book_id": 103, "quantity": 5}, {"book_id": 105, "quantity": 5}, {"book_id": 107, "quantity": 5}, {"book_id": 109, "quantity": 5}]','2022-07-16 08:22:23.997487','2022-07-16 08:22:23.997539');
INSERT INTO "order" VALUES(11,33324.999999999999999,'[{"book_id": 101, "quantity": 5}, {"book_id": 103, "quantity": 5}, {"book_id": 105, "quantity": 5}, {"book_id": 107, "quantity": 5}, {"book_id": 109, "quantity": 5}]','2022-07-16 08:39:15.479911','2022-07-16 08:39:15.480008');
INSERT INTO "order" VALUES(12,33324.999999999999999,'[{"book_id": 101, "quantity": 5}, {"book_id": 103, "quantity": 5}, {"book_id": 105, "quantity": 5}, {"book_id": 107, "quantity": 5}, {"book_id": 109, "quantity": 5}]','2022-07-16 08:42:19.435834','2022-07-16 08:42:19.435894');
INSERT INTO "order" VALUES(13,33324.999999999999999,'[{"book_id": 101, "quantity": 5}, {"book_id": 103, "quantity": 5}, {"book_id": 105, "quantity": 5}, {"book_id": 107, "quantity": 5}, {"book_id": 109, "quantity": 5}]','2022-07-16 08:43:28.418229','2022-07-16 08:43:28.418267');
INSERT INTO "order" VALUES(14,33424.999999999999999,'[{"book_id": 101, "quantity": 5}, {"book_id": 103, "quantity": 5}, {"book_id": 105, "quantity": 5}, {"book_id": 107, "quantity": 5}, {"book_id": 109, "quantity": 5}]','2022-07-16 08:45:40.761816','2022-07-16 08:45:40.761874');
INSERT INTO "order" VALUES(15,33424.999999999999999,'[{"book_id": 101, "quantity": 5}, {"book_id": 103, "quantity": 5}, {"book_id": 105, "quantity": 5}, {"book_id": 107, "quantity": 5}, {"book_id": 109, "quantity": 5}]','2022-07-16 08:51:29.624136','2022-07-16 08:51:29.624212');
INSERT INTO "order" VALUES(16,33424.999999999999999,'[{"book_id": 101, "quantity": 5}, {"book_id": 103, "quantity": 5}, {"book_id": 105, "quantity": 5}, {"book_id": 107, "quantity": 5}, {"book_id": 109, "quantity": 5}]','2022-07-16 08:54:17.302975','2022-07-16 08:54:17.303021');
INSERT INTO "order" VALUES(17,33424.999999999999999,'[{"book_id": 101, "quantity": 5}, {"book_id": 103, "quantity": 5}, {"book_id": 105, "quantity": 5}, {"book_id": 107, "quantity": 5}, {"book_id": 109, "quantity": 5}]','2022-07-16 08:55:38.756012','2022-07-16 08:55:38.756066');
INSERT INTO "order" VALUES(18,33424.999999999999999,'[{"book_id": 101, "quantity": 5}, {"book_id": 103, "quantity": 5}, {"book_id": 105, "quantity": 5}, {"book_id": 107, "quantity": 5}, {"book_id": 109, "quantity": 5}]','2022-07-16 08:58:01.694469','2022-07-16 08:58:01.694551');
INSERT INTO "order" VALUES(19,33424.999999999999999,'[{"book_id": 101, "quantity": 5}, {"book_id": 103, "quantity": 5}, {"book_id": 105, "quantity": 5}, {"book_id": 107, "quantity": 5}, {"book_id": 109, "quantity": 5}]','2022-07-16 09:01:35.127517','2022-07-16 09:01:35.127562');
INSERT INTO "order" VALUES(20,33424.999999999999999,'[{"book_id": 101, "quantity": 5}, {"book_id": 103, "quantity": 5}, {"book_id": 105, "quantity": 5}, {"book_id": 107, "quantity": 5}, {"book_id": 109, "quantity": 5}]','2022-07-16 09:05:29.835597','2022-07-16 09:05:29.835653');
INSERT INTO "order" VALUES(21,33424.999999999999999,'[{"book_id": 101, "quantity": 5}, {"book_id": 103, "quantity": 5}, {"book_id": 105, "quantity": 5}, {"book_id": 107, "quantity": 5}, {"book_id": 109, "quantity": 5}]','2022-07-16 09:09:58.909506','2022-07-16 09:09:58.909545');
INSERT INTO "order" VALUES(22,33424.999999999999999,'[{"book_id": 101, "quantity": 5}, {"book_id": 103, "quantity": 5}, {"book_id": 105, "quantity": 5}, {"book_id": 107, "quantity": 5}, {"book_id": 109, "quantity": 5}]','2022-07-16 09:13:36.644732','2022-07-16 09:13:36.644765');
INSERT INTO "order" VALUES(23,33424.999999999999999,'[{"book_id": 101, "quantity": 5}, {"book_id": 103, "quantity": 5}, {"book_id": 105, "quantity": 5}, {"book_id": 107, "quantity": 5}, {"book_id": 109, "quantity": 5}]','2022-07-16 09:57:11.402828','2022-07-16 09:57:11.402883');
INSERT INTO "order" VALUES(24,33424.999999999999999,'[{"book_id": 101, "quantity": 5}, {"book_id": 103, "quantity": 5}, {"book_id": 105, "quantity": 5}, {"book_id": 107, "quantity": 5}, {"book_id": 109, "quantity": 5}]','2022-07-16 09:57:27.654764','2022-07-16 09:57:27.654836');
INSERT INTO "order" VALUES(25,33424.999999999999999,'[{"book_id": 101, "quantity": 5}, {"book_id": 103, "quantity": 5}, {"book_id": 105, "quantity": 5}, {"book_id": 107, "quantity": 5}, {"book_id": 109, "quantity": 5}]','2022-07-16 09:58:29.051374','2022-07-16 09:58:29.051412');
INSERT INTO "order" VALUES(26,33424.999999999999999,'[{"book_id": 101, "quantity": 5}, {"book_id": 103, "quantity": 5}, {"book_id": 105, "quantity": 5}, {"book_id": 107, "quantity": 5}, {"book_id": 109, "quantity": 5}]','2022-07-16 10:03:08.802246','2022-07-16 10:03:08.802292');
INSERT INTO "order" VALUES(27,33424.999999999999999,'[{"book_id": 101, "quantity": 5}, {"book_id": 103, "quantity": 5}, {"book_id": 105, "quantity": 5}, {"book_id": 107, "quantity": 5}, {"book_id": 109, "quantity": 5}]',1647425540444,'2022-07-16 10:12:20.444261');
INSERT INTO "order" VALUES(28,33424.999999999999999,'[{"book_id": 101, "quantity": 5}, {"book_id": 103, "quantity": 5}, {"book_id": 105, "quantity": 5}, {"book_id": 107, "quantity": 5}, {"book_id": 109, "quantity": 5}]','2022-07-16 12:14:18.463856','2022-07-16 12:14:18.463887');
CREATE TABLE IF NOT EXISTS "order_line_item" ("id" integer NOT NULL PRIMARY KEY AUTOINCREMENT, "amount" real NOT NULL, "quantity" integer NOT NULL, "created_at" datetime NOT NULL, "updated_at" datetime NOT NULL, "book_id_id" bigint NULL REFERENCES "book" ("id") DEFERRABLE INITIALLY DEFERRED, "order_id_id" bigint NOT NULL REFERENCES "order" ("id") DEFERRABLE INITIALLY DEFERRED);
INSERT INTO order_line_item VALUES(1,50.0,2,1657921796000,1657921798000,1,1);
INSERT INTO order_line_item VALUES(2,70.0,2,'2022-07-15 16:21:37.183576','2022-07-15 16:21:37.183623',2,1);
INSERT INTO order_line_item VALUES(3,6644.9999999999999999,5,'2022-07-16 07:33:50.711642','2022-07-16 07:33:50.711674',101,3);
INSERT INTO order_line_item VALUES(4,6655.0000000000000001,5,'2022-07-16 07:33:50.728177','2022-07-16 07:33:50.728274',103,3);
INSERT INTO order_line_item VALUES(5,6664.9999999999999999,5,'2022-07-16 07:33:50.740338','2022-07-16 07:33:50.740417',105,3);
INSERT INTO order_line_item VALUES(6,6675.0000000000000001,5,'2022-07-16 07:33:50.750137','2022-07-16 07:33:50.750171',107,3);
INSERT INTO order_line_item VALUES(7,6684.9999999999999999,5,'2022-07-16 07:33:50.759248','2022-07-16 07:33:50.759284',109,3);
INSERT INTO order_line_item VALUES(8,6644.9999999999999999,5,'2022-07-16 07:35:19.716896','2022-07-16 07:35:19.716991',101,4);
INSERT INTO order_line_item VALUES(9,6655.0000000000000001,5,'2022-07-16 07:35:19.731076','2022-07-16 07:35:19.731138',103,4);
INSERT INTO order_line_item VALUES(10,6664.9999999999999999,5,'2022-07-16 07:35:19.743409','2022-07-16 07:35:19.743472',105,4);
INSERT INTO order_line_item VALUES(11,6684.9999999999999999,5,'2022-07-16 07:35:19.759235','2022-07-16 07:35:19.759281',109,4);
INSERT INTO order_line_item VALUES(12,6644.9999999999999999,5,'2022-07-16 07:44:12.379556','2022-07-16 07:44:12.379608',101,5);
INSERT INTO order_line_item VALUES(13,6655.0000000000000001,5,'2022-07-16 07:44:12.389523','2022-07-16 07:44:12.389559',103,5);
INSERT INTO order_line_item VALUES(14,6664.9999999999999999,5,'2022-07-16 07:44:12.396870','2022-07-16 07:44:12.396905',105,5);
INSERT INTO order_line_item VALUES(15,6684.9999999999999999,5,'2022-07-16 07:44:12.413908','2022-07-16 07:44:12.414005',109,5);
INSERT INTO order_line_item VALUES(16,6644.9999999999999999,5,'2022-07-16 08:22:24.024718','2022-07-16 08:22:24.024760',101,10);
INSERT INTO order_line_item VALUES(17,6655.0000000000000001,5,'2022-07-16 08:22:24.028962','2022-07-16 08:22:24.028999',103,10);
INSERT INTO order_line_item VALUES(18,6664.9999999999999999,5,'2022-07-16 08:22:24.035193','2022-07-16 08:22:24.035288',105,10);
INSERT INTO order_line_item VALUES(19,6675.0000000000000001,5,'2022-07-16 08:22:24.041447','2022-07-16 08:22:24.041553',107,10);
INSERT INTO order_line_item VALUES(20,6684.9999999999999999,5,'2022-07-16 08:22:24.049049','2022-07-16 08:22:24.049134',109,10);
INSERT INTO order_line_item VALUES(21,6644.9999999999999999,5,'2022-07-16 08:39:15.517816','2022-07-16 08:39:15.517857',101,11);
INSERT INTO order_line_item VALUES(22,6655.0000000000000001,5,'2022-07-16 08:39:15.522290','2022-07-16 08:39:15.522332',103,11);
INSERT INTO order_line_item VALUES(23,6664.9999999999999999,5,'2022-07-16 08:39:15.529172','2022-07-16 08:39:15.529301',105,11);
INSERT INTO order_line_item VALUES(24,6675.0000000000000001,5,'2022-07-16 08:39:15.536252','2022-07-16 08:39:15.536377',107,11);
INSERT INTO order_line_item VALUES(25,6684.9999999999999999,5,'2022-07-16 08:39:15.542955','2022-07-16 08:39:15.543049',109,11);
INSERT INTO order_line_item VALUES(26,6644.9999999999999999,5,'2022-07-16 08:42:19.466251','2022-07-16 08:42:19.466307',101,12);
INSERT INTO order_line_item VALUES(27,6655.0000000000000001,5,'2022-07-16 08:42:19.470633','2022-07-16 08:42:19.470690',103,12);
INSERT INTO order_line_item VALUES(28,6664.9999999999999999,5,'2022-07-16 08:42:19.478756','2022-07-16 08:42:19.478814',105,12);
INSERT INTO order_line_item VALUES(29,6675.0000000000000001,5,'2022-07-16 08:42:19.483218','2022-07-16 08:42:19.483278',107,12);
INSERT INTO order_line_item VALUES(30,6684.9999999999999999,5,'2022-07-16 08:42:19.490101','2022-07-16 08:42:19.490145',109,12);
INSERT INTO order_line_item VALUES(31,6644.9999999999999999,5,'2022-07-16 08:43:28.437550','2022-07-16 08:43:28.437583',101,13);
INSERT INTO order_line_item VALUES(32,6655.0000000000000001,5,'2022-07-16 08:43:28.443015','2022-07-16 08:43:28.443099',103,13);
INSERT INTO order_line_item VALUES(33,6664.9999999999999999,5,'2022-07-16 08:43:28.448785','2022-07-16 08:43:28.448847',105,13);
INSERT INTO order_line_item VALUES(34,6675.0000000000000001,5,'2022-07-16 08:43:28.459322','2022-07-16 08:43:28.459416',107,13);
INSERT INTO order_line_item VALUES(35,6684.9999999999999999,5,'2022-07-16 08:43:28.465380','2022-07-16 08:43:28.465498',109,13);
INSERT INTO order_line_item VALUES(36,6684.9999999999999999,5,'2022-07-16 08:45:40.786639','2022-07-16 08:45:40.786675',101,14);
INSERT INTO order_line_item VALUES(37,6684.9999999999999999,5,'2022-07-16 08:45:40.790381','2022-07-16 08:45:40.790412',103,14);
INSERT INTO order_line_item VALUES(38,6684.9999999999999999,5,'2022-07-16 08:45:40.794248','2022-07-16 08:45:40.794280',105,14);
INSERT INTO order_line_item VALUES(39,6684.9999999999999999,5,'2022-07-16 08:45:40.802405','2022-07-16 08:45:40.802502',107,14);
INSERT INTO order_line_item VALUES(40,6684.9999999999999999,5,'2022-07-16 08:45:40.808514','2022-07-16 08:45:40.808607',109,14);
INSERT INTO order_line_item VALUES(41,6684.9999999999999999,5,'2022-07-16 08:51:29.659794','2022-07-16 08:51:29.659846',101,15);
INSERT INTO order_line_item VALUES(42,6684.9999999999999999,5,'2022-07-16 08:51:29.666795','2022-07-16 08:51:29.666852',103,15);
INSERT INTO order_line_item VALUES(43,6684.9999999999999999,5,'2022-07-16 08:51:29.671407','2022-07-16 08:51:29.671460',105,15);
INSERT INTO order_line_item VALUES(44,6684.9999999999999999,5,'2022-07-16 08:51:29.679014','2022-07-16 08:51:29.679069',107,15);
INSERT INTO order_line_item VALUES(45,6684.9999999999999999,5,'2022-07-16 08:51:29.683996','2022-07-16 08:51:29.684050',109,15);
INSERT INTO order_line_item VALUES(46,6684.9999999999999999,5,'2022-07-16 08:54:17.323438','2022-07-16 08:54:17.323560',101,16);
INSERT INTO order_line_item VALUES(47,6684.9999999999999999,5,'2022-07-16 08:54:17.329617','2022-07-16 08:54:17.329663',103,16);
INSERT INTO order_line_item VALUES(48,6684.9999999999999999,5,'2022-07-16 08:54:17.334022','2022-07-16 08:54:17.334053',105,16);
INSERT INTO order_line_item VALUES(49,6684.9999999999999999,5,'2022-07-16 08:54:17.338004','2022-07-16 08:54:17.338032',107,16);
INSERT INTO order_line_item VALUES(50,6684.9999999999999999,5,'2022-07-16 08:54:17.344637','2022-07-16 08:54:17.344668',109,16);
INSERT INTO order_line_item VALUES(51,6684.9999999999999999,5,'2022-07-16 08:55:38.789938','2022-07-16 08:55:38.789986',101,17);
INSERT INTO order_line_item VALUES(52,6684.9999999999999999,5,'2022-07-16 08:55:38.795932','2022-07-16 08:55:38.796024',103,17);
INSERT INTO order_line_item VALUES(53,6684.9999999999999999,5,'2022-07-16 08:55:38.803907','2022-07-16 08:55:38.804001',105,17);
INSERT INTO order_line_item VALUES(54,6684.9999999999999999,5,'2022-07-16 08:55:38.813329','2022-07-16 08:55:38.813457',107,17);
INSERT INTO order_line_item VALUES(55,6684.9999999999999999,5,'2022-07-16 08:55:38.819980','2022-07-16 08:55:38.820102',109,17);
INSERT INTO order_line_item VALUES(56,6684.9999999999999999,5,'2022-07-16 08:58:01.737380','2022-07-16 08:58:01.737421',101,18);
INSERT INTO order_line_item VALUES(57,6684.9999999999999999,5,'2022-07-16 08:58:01.742961','2022-07-16 08:58:01.742996',103,18);
INSERT INTO order_line_item VALUES(58,6684.9999999999999999,5,'2022-07-16 08:58:01.751508','2022-07-16 08:58:01.751599',105,18);
INSERT INTO order_line_item VALUES(59,6684.9999999999999999,5,'2022-07-16 08:58:01.759168','2022-07-16 08:58:01.759259',107,18);
INSERT INTO order_line_item VALUES(60,6684.9999999999999999,5,'2022-07-16 08:58:01.768061','2022-07-16 08:58:01.768152',109,18);
INSERT INTO order_line_item VALUES(61,6684.9999999999999999,5,'2022-07-16 09:01:35.144579','2022-07-16 09:01:35.144611',101,19);
INSERT INTO order_line_item VALUES(62,6684.9999999999999999,5,'2022-07-16 09:01:35.151079','2022-07-16 09:01:35.151165',103,19);
INSERT INTO order_line_item VALUES(63,6684.9999999999999999,5,'2022-07-16 09:01:35.157742','2022-07-16 09:01:35.157888',105,19);
INSERT INTO order_line_item VALUES(64,6684.9999999999999999,5,'2022-07-16 09:01:35.165094','2022-07-16 09:01:35.165227',107,19);
INSERT INTO order_line_item VALUES(65,6684.9999999999999999,5,'2022-07-16 09:01:35.173389','2022-07-16 09:01:35.173481',109,19);
INSERT INTO order_line_item VALUES(66,6684.9999999999999999,5,'2022-07-16 09:05:29.854965','2022-07-16 09:05:29.854995',101,20);
INSERT INTO order_line_item VALUES(67,6684.9999999999999999,5,'2022-07-16 09:05:29.859208','2022-07-16 09:05:29.859235',103,20);
INSERT INTO order_line_item VALUES(68,6684.9999999999999999,5,'2022-07-16 09:05:29.868224','2022-07-16 09:05:29.868254',105,20);
INSERT INTO order_line_item VALUES(69,6684.9999999999999999,5,'2022-07-16 09:05:29.875194','2022-07-16 09:05:29.875225',107,20);
INSERT INTO order_line_item VALUES(70,6684.9999999999999999,5,'2022-07-16 09:05:29.878868','2022-07-16 09:05:29.878899',109,20);
INSERT INTO order_line_item VALUES(71,6684.9999999999999999,5,'2022-07-16 09:09:58.930174','2022-07-16 09:09:58.930208',101,21);
INSERT INTO order_line_item VALUES(72,6684.9999999999999999,5,'2022-07-16 09:09:58.936030','2022-07-16 09:09:58.936065',103,21);
INSERT INTO order_line_item VALUES(73,6684.9999999999999999,5,'2022-07-16 09:09:58.940241','2022-07-16 09:09:58.940278',105,21);
INSERT INTO order_line_item VALUES(74,6684.9999999999999999,5,'2022-07-16 09:09:58.945315','2022-07-16 09:09:58.945348',107,21);
INSERT INTO order_line_item VALUES(75,6684.9999999999999999,5,'2022-07-16 09:09:58.952045','2022-07-16 09:09:58.952077',109,21);
INSERT INTO order_line_item VALUES(76,6684.9999999999999999,5,'2022-07-16 09:13:36.670830','2022-07-16 09:13:36.670864',101,22);
INSERT INTO order_line_item VALUES(77,6684.9999999999999999,5,'2022-07-16 09:13:36.677542','2022-07-16 09:13:36.677626',103,22);
INSERT INTO order_line_item VALUES(78,6684.9999999999999999,5,'2022-07-16 09:13:36.682991','2022-07-16 09:13:36.683041',105,22);
INSERT INTO order_line_item VALUES(79,6684.9999999999999999,5,'2022-07-16 09:13:36.692067','2022-07-16 09:13:36.692193',107,22);
INSERT INTO order_line_item VALUES(80,6684.9999999999999999,5,'2022-07-16 09:13:36.700409','2022-07-16 09:13:36.700553',109,22);
INSERT INTO order_line_item VALUES(81,6684.9999999999999999,5,'2022-07-16 09:57:11.428707','2022-07-16 09:57:11.428749',101,23);
INSERT INTO order_line_item VALUES(82,6684.9999999999999999,5,'2022-07-16 09:57:11.433009','2022-07-16 09:57:11.433050',103,23);
INSERT INTO order_line_item VALUES(83,6684.9999999999999999,5,'2022-07-16 09:57:11.439028','2022-07-16 09:57:11.439072',105,23);
INSERT INTO order_line_item VALUES(84,6684.9999999999999999,5,'2022-07-16 09:57:11.443191','2022-07-16 09:57:11.443234',107,23);
INSERT INTO order_line_item VALUES(85,6684.9999999999999999,5,'2022-07-16 09:57:11.447521','2022-07-16 09:57:11.447562',109,23);
INSERT INTO order_line_item VALUES(86,6684.9999999999999999,5,'2022-07-16 09:57:27.679437','2022-07-16 09:57:27.679473',101,24);
INSERT INTO order_line_item VALUES(87,6684.9999999999999999,5,'2022-07-16 09:57:27.684964','2022-07-16 09:57:27.684992',103,24);
INSERT INTO order_line_item VALUES(88,6684.9999999999999999,5,'2022-07-16 09:57:27.690384','2022-07-16 09:57:27.690416',105,24);
INSERT INTO order_line_item VALUES(89,6684.9999999999999999,5,'2022-07-16 09:57:27.699793','2022-07-16 09:57:27.699884',107,24);
INSERT INTO order_line_item VALUES(90,6684.9999999999999999,5,'2022-07-16 09:57:27.707305','2022-07-16 09:57:27.707397',109,24);
INSERT INTO order_line_item VALUES(91,6684.9999999999999999,5,'2022-07-16 09:58:29.077373','2022-07-16 09:58:29.077410',101,25);
INSERT INTO order_line_item VALUES(92,6684.9999999999999999,5,'2022-07-16 09:58:29.081271','2022-07-16 09:58:29.081298',103,25);
INSERT INTO order_line_item VALUES(93,6684.9999999999999999,5,'2022-07-16 09:58:29.089157','2022-07-16 09:58:29.089249',105,25);
INSERT INTO order_line_item VALUES(94,6684.9999999999999999,5,'2022-07-16 09:58:29.094757','2022-07-16 09:58:29.094819',107,25);
INSERT INTO order_line_item VALUES(95,6684.9999999999999999,5,'2022-07-16 09:58:29.102739','2022-07-16 09:58:29.102804',109,25);
INSERT INTO order_line_item VALUES(96,6684.9999999999999999,5,'2022-07-16 10:03:08.901967','2022-07-16 10:03:08.902003',101,26);
INSERT INTO order_line_item VALUES(97,6684.9999999999999999,5,'2022-07-16 10:03:08.906141','2022-07-16 10:03:08.906170',103,26);
INSERT INTO order_line_item VALUES(98,6684.9999999999999999,5,'2022-07-16 10:03:08.912860','2022-07-16 10:03:08.912890',105,26);
INSERT INTO order_line_item VALUES(99,6684.9999999999999999,5,'2022-07-16 10:03:08.918217','2022-07-16 10:03:08.918249',107,26);
INSERT INTO order_line_item VALUES(100,6684.9999999999999999,5,'2022-07-16 10:03:08.924663','2022-07-16 10:03:08.924696',109,26);
INSERT INTO order_line_item VALUES(101,6684.9999999999999999,5,'2022-07-16 10:12:20.464896','2022-07-16 10:12:20.464923',101,27);
INSERT INTO order_line_item VALUES(102,6684.9999999999999999,5,'2022-07-16 10:12:20.469922','2022-07-16 10:12:20.470045',103,27);
INSERT INTO order_line_item VALUES(103,6684.9999999999999999,5,'2022-07-16 10:12:20.475871','2022-07-16 10:12:20.475937',105,27);
INSERT INTO order_line_item VALUES(104,6684.9999999999999999,5,'2022-07-16 10:12:20.483686','2022-07-16 10:12:20.483728',107,27);
INSERT INTO order_line_item VALUES(105,6684.9999999999999999,5,'2022-07-16 10:12:20.489486','2022-07-16 10:12:20.489528',109,27);
INSERT INTO order_line_item VALUES(106,6684.9999999999999999,5,'2022-07-16 12:14:18.572461','2022-07-16 12:14:18.572508',101,28);
INSERT INTO order_line_item VALUES(107,6684.9999999999999999,5,'2022-07-16 12:14:18.579482','2022-07-16 12:14:18.579548',103,28);
INSERT INTO order_line_item VALUES(108,6684.9999999999999999,5,'2022-07-16 12:14:18.586213','2022-07-16 12:14:18.586283',105,28);
INSERT INTO order_line_item VALUES(109,6684.9999999999999999,5,'2022-07-16 12:14:18.591459','2022-07-16 12:14:18.591524',107,28);
INSERT INTO order_line_item VALUES(110,6684.9999999999999999,5,'2022-07-16 12:14:18.598324','2022-07-16 12:14:18.598390',109,28);
DELETE FROM sqlite_sequence;
INSERT INTO sqlite_sequence VALUES('django_migrations',20);
INSERT INTO sqlite_sequence VALUES('django_admin_log',1);
INSERT INTO sqlite_sequence VALUES('django_content_type',9);
INSERT INTO sqlite_sequence VALUES('auth_permission',36);
INSERT INTO sqlite_sequence VALUES('auth_group',0);
INSERT INTO sqlite_sequence VALUES('auth_user',1);
INSERT INTO sqlite_sequence VALUES('book',1156);
INSERT INTO sqlite_sequence VALUES('order',28);
INSERT INTO sqlite_sequence VALUES('order_line_item',110);
CREATE UNIQUE INDEX "auth_group_permissions_group_id_permission_id_0cd325b0_uniq" ON "auth_group_permissions" ("group_id", "permission_id");
CREATE INDEX "auth_group_permissions_group_id_b120cbf9" ON "auth_group_permissions" ("group_id");
CREATE INDEX "auth_group_permissions_permission_id_84c5c92e" ON "auth_group_permissions" ("permission_id");
CREATE UNIQUE INDEX "auth_user_groups_user_id_group_id_94350c0c_uniq" ON "auth_user_groups" ("user_id", "group_id");
CREATE INDEX "auth_user_groups_user_id_6a12ed8b" ON "auth_user_groups" ("user_id");
CREATE INDEX "auth_user_groups_group_id_97559544" ON "auth_user_groups" ("group_id");
CREATE UNIQUE INDEX "auth_user_user_permissions_user_id_permission_id_14a6b632_uniq" ON "auth_user_user_permissions" ("user_id", "permission_id");
CREATE INDEX "auth_user_user_permissions_user_id_a95ead1b" ON "auth_user_user_permissions" ("user_id");
CREATE INDEX "auth_user_user_permissions_permission_id_1fbb5f2c" ON "auth_user_user_permissions" ("permission_id");
CREATE INDEX "django_admin_log_content_type_id_c4bce8eb" ON "django_admin_log" ("content_type_id");
CREATE INDEX "django_admin_log_user_id_c564eba6" ON "django_admin_log" ("user_id");
CREATE UNIQUE INDEX "django_content_type_app_label_model_76bd3d3b_uniq" ON "django_content_type" ("app_label", "model");
CREATE UNIQUE INDEX "auth_permission_content_type_id_codename_01ab375a_uniq" ON "auth_permission" ("content_type_id", "codename");
CREATE INDEX "auth_permission_content_type_id_2f476e4b" ON "auth_permission" ("content_type_id");
CREATE INDEX "django_session_expire_date_a5c62663" ON "django_session" ("expire_date");
CREATE UNIQUE INDEX "order_line_item_order_id_id_book_id_id_4da7e3e8_uniq" ON "order_line_item" ("order_id_id", "book_id_id");
CREATE INDEX "order_line_item_book_id_id_07448eae" ON "order_line_item" ("book_id_id");
CREATE INDEX "order_line_item_order_id_id_0f83a0e3" ON "order_line_item" ("order_id_id");
COMMIT;
